2021-08-25,http://wenchangrongmei.com:9080/a/202108/26/WS61270d1fe4b0cd2f4d6711ca.html,http://source.wengegroup.com/mam/61262cc6e4b0545da75af2b8.mp4
2021-08-27,http://wenchangrongmei.com:9080/a/202108/27/WS6129080ce4b0cd2f4d672122.html,http://source.wengegroup.com/mam/6128d3e7e4b0545da75b32f2.mp4
2021-08-28,http://wenchangrongmei.com:9080/a/202108/29/WS612a7f44e4b0cd2f4d6724b9.html,http://source.wengegroup.com/mam/612a2ab8e4b0545da75b3fd2.mp4
2021-08-30,http://wenchangrongmei.com:9080/a/202108/31/WS612d8b4ee4b0cd2f4d673254.html,http://source.wengegroup.com/mam/612cc539e4b0545da75b6a88.mp4
2021-08-31,http://wenchangrongmei.com:9080/a/202108/31/WS6145a367e4b03db0f8004cbf.html,http://source.wengegroup.com/mam/612e17c9e4b0545da75b8b46.mp4
2021-09-01,http://wenchangrongmei.com:9080/a/202109/01/WS612f9819e4b0cd2f4d6747b7.html,http://source.wengegroup.com/mam/612f68f4e4b0545da75ba902.mp4
2021-09-02,http://wenchangrongmei.com:9080/a/202109/03/WS6130f599e4b0cd2f4d6751a6.html,http://source.wengegroup.com/mam/6130b538e4b0545da75bc60c.mp4
2021-09-03,http://wenchangrongmei.com:9080/a/202109/03/WS6132395ce4b0cd2f4d675978.html,http://source.wengegroup.com/mam/61320cb3e4b0545da75be6b9.mp4
2021-09-04,http://wenchangrongmei.com:9080/a/202109/05/WS613427d8e4b0cd2f4d675e1c.html,http://source.wengegroup.com/mam/613362d8e4b0545da75bf375.mp4
2021-09-06,http://wenchangrongmei.com:9080/a/202109/07/WS6136ef11e4b0cd2f4d6774b0.html,http://source.wengegroup.com/mam/6136029ce4b0545da75c1bd7.mp4
2021-09-07,http://wenchangrongmei.com:9080/a/202109/07/WS61378962e4b0cd2f4d677b70.html,http://source.wengegroup.com/mam/613751f4e4b0545da75c38ca.mp4
2021-09-08,http://wenchangrongmei.com:9080/a/202109/09/WS61398566e4b0cd2f4d678c89.html,http://source.wengegroup.com/mam/6138aabde4b0545da75c5747.mp4
2021-09-09,http://wenchangrongmei.com:9080/a/202109/09/WS613a284fe4b0218b907dca49.html,http://source.wengegroup.com/mam/6139fd1ae4b0545da75c7698.mp4
2021-09-10,http://wenchangrongmei.com:9080/a/202109/11/WS613c370ee4b0218b907dd57b.html,http://source.wengegroup.com/mam/613b53bae4b0545da75c9e13.mp4
2021-09-11,http://wenchangrongmei.com:9080/a/202109/12/WS613d641fe4b0218b907ddd74.html,http://source.wengegroup.com/mam/613c90dbe4b0545da75cadf9.mp4
2021-09-13,http://wenchangrongmei.com:9080/a/202109/13/WS6145a34be4b03db0f8004cbc.html,http://source.wengegroup.com/mam/613f3f3ae4b0545da75cd1eb.mp4
2021-09-14,http://wenchangrongmei.com:9080/a/202109/14/WS6140bba0e4b0218b907df55c.html,http://source.wengegroup.com/mam/614083d0e4b0545da75cec16.mp4
2021-09-15,http://wenchangrongmei.com:9080/a/202109/15/WS6141f2e3e4b0218b907e01aa.html,http://source.wengegroup.com/mam/6141e0b8e4b0545da75d0cfa.mp4
2021-09-16,http://wenchangrongmei.com:9080/a/202109/16/WS6145a29be4b03db0f8004cac.html,http://source.wengegroup.com/mam/61432fe8e4b0545da75d2b43.mp4
2021-09-17,http://wenchangrongmei.com:9080/a/202109/17/WS614496fae4b03db0f800464e.html,http://source.wengegroup.com/mam/61447953e4b0545da75d4bad.mp4
2021-09-18,http://wenchangrongmei.com:9080/a/202109/19/WS6146b675e4b03db0f80051ce.html,http://source.wengegroup.com/mam/6145d9bee4b0545da75d731a.mp4
2021-09-20,http://wenchangrongmei.com:9080/a/202109/23/WS614bf999e4b03db0f80071c0.html,http://source.wengegroup.com/mam/61487fcce4b0545da75d91a4.mp4
2021-09-21,http://wenchangrongmei.com:9080/a/202109/22/WS614a9fd5e4b03db0f8006756.html,http://source.wengegroup.com/mam/6149bf79e4b0545da75d9efe.mp4
2021-09-22,http://wenchangrongmei.com:9080/a/202109/22/WS614da7dde4b03db0f8007f1b.html,http://source.wengegroup.com/mam/614b127be4b0545da75dbd53.mp4
2021-09-23,http://wenchangrongmei.com:9080/a/202109/23/WS614da7e7e4b03db0f8007f1c.html,http://source.wengegroup.com/mam/614c5e8ae4b0545da75ddaec.mp4
2021-09-24,http://wenchangrongmei.com:9080/a/202109/25/WS614ebd37e4b03db0f800851d.html,http://source.wengegroup.com/mam/614db7abe4b0545da75dfd78.mp4
2021-09-25,http://wenchangrongmei.com:9080/a/202109/25/WS614f157ee4b03db0f80089d0.html,http://source.wengegroup.com/mam/614f0031e4b0545da75e0d08.mp4
2021-09-26,http://wenchangrongmei.com:9080/a/202109/26/WS61507fd1e4b03db0f800993f.html,http://source.wengegroup.com/mam/61505824e4b0545da75e2b59.mp4
2021-09-27,http://wenchangrongmei.com:9080/a/202109/27/WS6151d9b5e4b03db0f800a3d5.html,http://source.wengegroup.com/mam/6151b2e2e4b0545da75e4da2.mp4
2021-09-28,http://wenchangrongmei.com:9080/a/202109/28/WS615317aae4b03db0f800aacc.html,http://source.wengegroup.com/mam/61530072e4b0545da75e6eea.mp4
2021-09-29,http://wenchangrongmei.com:9080/a/202109/29/WS615484ade4b03db0f800b2c9.html,http://source.wengegroup.com/mam/61544fafe4b0545da75e92f2.mp4
2021-09-30,http://wenchangrongmei.com:9080/a/202109/30/WS6155cf19e4b03db0f800bb7b.html,http://source.wengegroup.com/mam/6155bdf7e4b0545da75ec640.mp4
2021-10-01,http://wenchangrongmei.com:9080/a/202110/01/WS61571935e4b03db0f800c090.html,http://source.wengegroup.com/mam/6156eb57e4b0545da75edc23.mp4
2021-10-02,http://wenchangrongmei.com:9080/a/202110/02/WS61586826e4b03db0f800c48a.html,http://source.wengegroup.com/mam/61583bdde4b0545da75eef18.mp4
2021-10-04,http://wenchangrongmei.com:9080/a/202110/04/WS615b0a1de4b03db0f800ca61.html,http://source.wengegroup.com/mam/615ae1d2e4b0545da75f0c62.mp4
2021-10-05,http://wenchangrongmei.com:9080/a/202110/05/WS615c5e48e4b03db0f800cd6f.html,http://source.wengegroup.com/mam/615c3a31e4b0545da75f1b70.mp4
2021-10-06,http://wenchangrongmei.com:9080/a/202110/07/WS615e64e2e4b03db0f800d1bb.html,http://source.wengegroup.com/mam/615d8ac6e4b0545da75f2d4b.mp4
2021-10-07,http://wenchangrongmei.com:9080/a/202110/08/WS615f1d02e4b03db0f800d3bb.html,http://source.wengegroup.com/mam/615ed228e4b0545da75f3aa5.mp4
2021-10-08,http://wenchangrongmei.com:9080/a/202110/09/WS61606c4ae4b03db0f800dc42.html,http://source.wengegroup.com/mam/616033aae4b0545da75f5c32.mp4
2021-10-09,http://wenchangrongmei.com:9080/a/202110/10/WS61625450e4b03db0f800e4d8.html,http://source.wengegroup.com/mam/6161800ee4b0545da75f7cc9.mp4
2021-10-11,http://wenchangrongmei.com:9080/a/202110/11/WS61644ba6e4b03db0f800ee18.html,http://source.wengegroup.com/mam/61641fe6e4b0545da75fadcf.mp4
2021-10-12,http://wenchangrongmei.com:9080/a/202110/13/WS61663765e4b03db0f800f79a.html,http://source.wengegroup.com/mam/6165a57ee4b0545da75fd4b4.mp4
2021-10-13,http://wenchangrongmei.com:9080/a/202110/13/WS6167887be4b03db0f800ff7c.html,http://source.wengegroup.com/mam/6166dce1e4b0545da75ffad4.mp4
2021-10-14,http://wenchangrongmei.com:9080/a/202110/14/WS61690470e4b03db0f8010961.html,http://source.wengegroup.com/mam/6168eacce4b0545da76031cf.mp4
2021-10-15,http://wenchangrongmei.com:9080/a/202110/15/WS61698eb3e4b03db0f8010d19.html,http://source.wengegroup.com/mam/61696667e4b0545da7604ff6.mp4
2021-10-16,http://wenchangrongmei.com:9080/a/202110/16/WS616ae10ae4b03db0f801109c.html,http://source.wengegroup.com/mam/616ab72ce4b0545da76060f6.mp4
2021-10-18,http://wenchangrongmei.com:9080/a/202110/18/WS616d8b94e4b03db0f8011ac7.html,http://source.wengegroup.com/mam/616d5d07e4b0545da7608b55.mp4
2021-10-19,http://wenchangrongmei.com:9080/a/202110/19/WS616eba36e4b03db0f8012129.html,http://source.wengegroup.com/mam/616ea7cfe4b0545da760a4bc.mp4
2021-10-20,http://wenchangrongmei.com:9080/a/202110/21/WS6170dcb1e4b03db0f8012b0d.html,http://source.wengegroup.com/mam/616ffe67e4b0545da760c565.mp4
2021-10-21,http://wenchangrongmei.com:9080/a/202110/22/WS61722eb6e4b03db0f80131b0.html,http://source.wengegroup.com/mam/61714dd0e4b0545da760e27c.mp4
2021-10-23,http://wenchangrongmei.com:9080/a/202110/23/WS6174206be4b03db0f8013843.html,http://source.wengegroup.com/mam/6173e838e4b0b8804dd8064b.mp4
2021-10-25,http://wenchangrongmei.com:9080/a/202110/25/WS6176b1fae4b03db0f80140d0.html,http://source.wengegroup.com/mam/6176a0bee4b0b8804dd82d27.mp4
2021-10-26,http://wenchangrongmei.com:9080/a/202110/26/WS61781ae9e4b03db0f80148e2.html,http://source.wengegroup.com/mam/6177f22ee4b0b8804dd84bad.mp4
2021-10-27,http://wenchangrongmei.com:9080/a/202110/28/WS617a161fe4b03db0f80153e5.html,http://source.wengegroup.com/mam/61794277e4b0b8804dd86a59.mp4
2021-10-28,http://wenchangrongmei.com:9080/a/202110/28/WS617ab078e4b0ffa715a1c319.html,http://source.wengegroup.com/mam/617a8dc3e4b0b8804dd88a12.mp4
2021-10-29,http://wenchangrongmei.com:9080/a/202110/29/WS617c0024e4b0ffa715a1c961.html,http://source.wengegroup.com/mam/617beae6e4b0b8804dd8a7a3.mp4
2021-10-30,http://wenchangrongmei.com:9080/a/202110/30/WS617d58b8e4b0ffa715a1cca2.html,http://source.wengegroup.com/mam/617f5907e4b0b8804dd8cb98.mp4
2021-11-01,http://wenchangrongmei.com:9080/a/202111/02/WS6181015ee4b0ffa715a1da3a.html,http://source.wengegroup.com/mam/617fd563e4b0b8804dd8dc1c.mp4
2021-11-02,http://wenchangrongmei.com:9080/a/202111/02/WS61813556e4b0ffa715a1db57.html,http://source.wengegroup.com/mam/61812d12e4b0b8804dd8fa4b.mp4
2021-11-03,http://wenchangrongmei.com:9080/a/202111/03/WS6182a325e4b0ffa715a1e2d1.html,http://source.wengegroup.com/mam/61827b4ae4b0b8804dd91ae6.mp4
2021-11-04,http://wenchangrongmei.com:9080/a/202111/06/WS61869290e4b0ffa715a1f225.html,http://source.wengegroup.com/mam/6183cd87e4b0b8804dd936e1.mp4
2021-11-05,http://wenchangrongmei.com:9080/a/202111/06/WS6185f2afe4b0ffa715a1f087.html,http://source.wengegroup.com/mam/61851a3ce4b0b8804dd955c7.mp4
2021-11-06,http://wenchangrongmei.com:9080/a/202111/06/WS61869364e4b0ffa715a1f234.html,http://source.wengegroup.com/mam/61866bb9e4b0b8804dd96598.mp4
2021-11-08,http://wenchangrongmei.com:9080/a/202111/08/WS618937ebe4b0ffa715a1fb09.html,http://source.wengegroup.com/mam/618917c2e4b0b8804dd9938d.mp4
2021-11-09,http://wenchangrongmei.com:9080/a/202111/09/WS618a7a3ce4b0ffa715a201b9.html,http://source.wengegroup.com/mam/618a67a3e4b0b8804dd9b5b5.mp4
2021-11-10,http://wenchangrongmei.com:9080/a/202111/11/WS618c8ad6e4b0ffa715a20c3e.html,http://source.wengegroup.com/mam/618bbf9ae4b0b8804dd9d9d6.mp4
2021-11-11,http://wenchangrongmei.com:9080/a/202111/12/WS618e3e4ce4b006134d1e3e03.html,http://source.wengegroup.com/mam/618cfa1ee4b0b8804dd9f759.mp4
2021-11-12,http://wenchangrongmei.com:9080/a/202111/12/WS618e7ff8e4b0ec3be4405aae.html,http://source.wengegroup.com/mam/618e5410e4b0b8804dda199c.mp4
2021-11-13,http://wenchangrongmei.com:9080/a/202111/13/WS618fdbc8e4b0541015e3827d.html,http://source.wengegroup.com/mam/618fae5be4b0b8804dda286b.mp4
2021-11-15,http://wenchangrongmei.com:9080/a/202111/15/WS61927a36e4b0541015e38c48.html,http://source.wengegroup.com/mam/61924ddce4b0b8804dda4ea3.mp4
2021-11-16,http://wenchangrongmei.com:9080/a/202111/17/WS619474d5e4b0541015e395a0.html,http://source.wengegroup.com/mam/6193a5fde4b0b8804dda698c.mp4
2021-11-17,http://wenchangrongmei.com:9080/a/202111/17/WS6195077fe4b0541015e39945.html,http://source.wengegroup.com/mam/6194f22fe4b0b8804dda874b.mp4
2021-11-18,http://wenchangrongmei.com:9080/a/202111/19/WS61971366e4b0541015e3a354.html,http://source.wengegroup.com/mam/61963dbae4b0b8804ddaaa57.mp4
2021-11-19,http://wenchangrongmei.com:9080/a/202111/19/WS6197a2dce4b0541015e3a783.html,http://source.wengegroup.com/mam/61978dc0e4b0b8804ddad23b.mp4
2021-11-20,http://wenchangrongmei.com:9080/a/202111/22/WS619aeebae4b0541015e3ae6f.html,http://source.wengegroup.com/mam/6198da4be4b0b8804ddae3b1.mp4
2021-11-22,http://wenchangrongmei.com:9080/a/202111/22/WS619bad0de4b0541015e3b612.html,http://source.wengegroup.com/mam/619b8902e4b0b8804ddb13c9.mp4
2021-11-23,http://wenchangrongmei.com:9080/a/202111/23/WS619d0a61e4b0541015e3bd6e.html,http://source.wengegroup.com/mam/619ce139e4b0b8804ddb3290.mp4
2021-11-24,http://wenchangrongmei.com:9080/a/202111/24/WS619e43a8e4b0541015e3c41b.html,http://source.wengegroup.com/mam/619e2465e4b0b8804ddb514d.mp4
2021-11-25,http://wenchangrongmei.com:9080/a/202111/29/WS61a4f508e4b0541015e3def0.html,http://source.wengegroup.com/mam/619f7462e4b0b8804ddb6db5.mp4
2021-11-26,http://wenchangrongmei.com:9080/a/202111/27/WS61a107bae4b0541015e3d11e.html,http://source.wengegroup.com/mam/61a100a5e4b0b8804ddb9182.mp4
2021-11-27,http://wenchangrongmei.com:9080/a/202111/27/WS61a24cf5e4b0541015e3d40e.html,http://source.wengegroup.com/mam/61a2209ae4b0b8804ddb9c3d.mp4
2021-11-29,http://wenchangrongmei.com:9080/a/202111/29/WS61a635abe4b0541015e3e561.html,http://source.wengegroup.com/mam/61a4d528e4b0b8804ddbcbbc.mp4
2021-11-30,http://wenchangrongmei.com:9080/a/202112/01/WS61a6ebb8e4b0541015e3e8dc.html,http://source.wengegroup.com/mam/61a60ed8e4b0b8804ddbe874.mp4
2021-12-01,http://wenchangrongmei.com:9080/a/202112/02/WS61a7a1bfe4b0541015e3ed0e.html,http://source.wengegroup.com/mam/61a764a5e4b0b8804ddc0891.mp4
2021-12-02,http://wenchangrongmei.com:9080/a/202112/02/WS61a8eba7e4b0d876f6d0c437.html,http://source.wengegroup.com/mam/61a8bd1fe4b0b8804ddc2899.mp4
2021-12-03,http://wenchangrongmei.com:9080/a/202112/04/WS61aa426ee4b0d876f6d0ccd7.html,http://source.wengegroup.com/mam/61aa0b09e4b0b8804ddc4b79.mp4
2021-12-04,http://wenchangrongmei.com:9080/a/202112/04/WS61ab87b29ab4d73aa1209c7a.html,http://source.wengegroup.com/mam/61ab569ce4b0b8804ddc5ef9.mp4
2021-12-06,http://wenchangrongmei.com:9080/a/202112/06/WS61ae1789e4b0d876f6d0d884.html,http://source.wengegroup.com/mam/61adf9a6e4b0b8804ddc858e.mp4
2021-12-07,http://wenchangrongmei.com:9080/a/202112/07/WS61af7ce6e4b0d876f6d0e027.html,http://source.wengegroup.com/mam/61af45e5e4b0b8804ddca635.mp4
2021-12-08,http://wenchangrongmei.com:9080/a/202112/08/WS61b0c8b9e4b0d876f6d0e766.html,http://source.wengegroup.com/mam/61b0a1d7e4b0b8804ddcca60.mp4
2021-12-09,http://wenchangrongmei.com:9080/a/202112/09/WS61b21b05e4b0d876f6d0ee3a.html,http://source.wengegroup.com/mam/61b1e6ebe4b0b8804ddcea24.mp4
2021-12-10,http://wenchangrongmei.com:9080/a/202112/10/WS61b374cbe4b0d876f6d0f54a.html,http://source.wengegroup.com/mam/61b36a26e4b0f95338365e41.mp4
2021-12-11,http://wenchangrongmei.com:9080/a/202112/12/WS61b4d5e2e4b0d876f6d0f908.html,http://source.wengegroup.com/mam/61b48567e4b0f953383669d1.mp4
2021-12-13,http://wenchangrongmei.com:9080/a/202112/13/WS61b968189ab4b791751d5a11.html,http://source.wengegroup.com/mam/61b72b84e4b0f953383690e4.mp4
2021-12-14,http://wenchangrongmei.com:9080/a/202112/15/WS61b94adf9ab4b791751d59c6.html,http://source.wengegroup.com/mam/61b883c6e4b0f9533836b15d.mp4
2021-12-15,http://wenchangrongmei.com:9080/a/202112/15/WS61ba0d26e4b0d876f6d11f02.html,http://source.wengegroup.com/mam/61b9d59de4b0f9533836d00c.mp4
2021-12-16,http://wenchangrongmei.com:9080/a/202112/16/WS61bb4095e4b0d876f6d147d4.html,http://source.wengegroup.com/mam/61bb2a89e4b0f9533836f467.mp4
2021-12-18,http://wenchangrongmei.com:9080/a/202112/19/WS61beb5039ab4b791751d622e.html,http://source.wengegroup.com/mam/61bdd541e4b0f953383725a5.mp4
2021-12-20,http://wenchangrongmei.com:9080/a/202112/21/WS61c1a326e4b0849356cf50e6.html,http://source.wengegroup.com/mam/61c19653e4b0f95338376587.mp4
2021-12-21,http://wenchangrongmei.com:9080/a/202112/21/WS61c1f276e4b0849356cf5d4d.html,http://source.wengegroup.com/mam/61c1b8d9e4b0f95338376d23.mp4
2021-12-22,http://wenchangrongmei.com:9080/a/202112/22/WS61c33030e4b0849356cf7a20.html,http://source.wengegroup.com/mam/61c31000e4b0f95338378f47.mp4
2021-12-23,http://wenchangrongmei.com:9080/a/202112/23/WS61c48399e4b0849356cf8921.html,http://source.wengegroup.com/mam/61c45f54e4b0f9533837b500.mp4
2021-12-24,http://wenchangrongmei.com:9080/a/202112/25/WS61c5efefe4b0849356cf938d.html,http://source.wengegroup.com/mam/61c5b7c8e4b0f9533837d8a6.mp4
2021-12-25,http://wenchangrongmei.com:9080/a/202112/25/WS61c72bc8e4b0849356cf9694.html,http://source.wengegroup.com/mam/61c70591e4b0f9533837e83e.mp4
2021-12-27,http://wenchangrongmei.com:9080/a/202112/28/WS61ca85e0e4b0a4ccfc2bb201.html,http://source.wengegroup.com/mam/61c9b08ce4b0f95338380eaf.mp4
2021-12-28,http://wenchangrongmei.com:9080/a/202112/29/WS61cb3ee89ab4b791751d70f3.html,http://source.wengegroup.com/mam/61cb2618e4b0f95338383123.mp4
2021-12-29,http://wenchangrongmei.com:9080/a/202112/30/WS61ccff9e9ab4b791751d71be.html,http://source.wengegroup.com/mam/61cc753ee4b0f9533838530d.mp4
2021-12-30,http://wenchangrongmei.com:9080/a/202112/31/WS61cdd9969ab4b791751d7264.html,http://source.wengegroup.com/mam/61cdad60e4b0f9533838717b.mp4
2022-01-01,http://wenchangrongmei.com:9080/a/202201/01/WS61d06045e4b0a4ccfc2bdafa.html,http://source.wengegroup.com/mam/61d0411ae4b0f9533838b587.mp4
2022-01-03,http://wenchangrongmei.com:9080/a/202201/03/WS61d30dbbe4b0a4ccfc2be0e0.html,http://source.wengegroup.com/mam/61d2da27e4b0f9533838cf38.mp4
2022-01-04,http://wenchangrongmei.com:9080/a/202201/04/WS61d4636ce4b0a4ccfc2be86d.html,http://source.wengegroup.com/mam/61d43d46e4b0f9533838f0aa.mp4
2022-01-05,http://wenchangrongmei.com:9080/a/202201/05/WS61d5be34e4b0a4ccfc2bef71.html,http://source.wengegroup.com/mam/61d58b4ae4b0f953383910d1.mp4
2022-01-06,http://wenchangrongmei.com:9080/a/202201/06/WS61d70627e4b0a4ccfc2bf60e.html,http://source.wengegroup.com/mam/61d6d2a7e4b01f0dce0aa2b6.mp4
2022-01-07,http://wenchangrongmei.com:9080/a/202201/07/WS61d84f2be4b0a4ccfc2bfd17.html,http://source.wengegroup.com/mam/61d82396e4b01f0dce0ac649.mp4
2022-01-08,http://wenchangrongmei.com:9080/a/202201/09/WS61d9b5b8e4b0a4ccfc2c0185.html,http://source.wengegroup.com/mam/61d98b1be4b01f0dce0adb2e.mp4
2022-01-09,http://wenchangrongmei.com:9080/a/202201/10/WS61db1091e4b0a4ccfc2c045d.html,http://source.wengegroup.com/mam/61db077be4b01f0dce0ae914.mp4
2022-01-10,http://wenchangrongmei.com:9080/a/202201/11/WS61dc7a22e4b0a4ccfc2c0c14.html,http://source.wengegroup.com/mam/61dc6315e4b01f0dce0b0f05.mp4
2022-01-12,http://wenchangrongmei.com:9080/a/202201/13/WS61df0328e4b0a4ccfc2c1992.html,http://source.wengegroup.com/mam/61decd7be4b01f0dce0b4c01.mp4
2022-01-13,http://wenchangrongmei.com:9080/a/202201/13/WS61e038cbe4b0a4ccfc2c1f04.html,http://source.wengegroup.com/mam/61e03c16e4b01f0dce0b6c6a.mp4
2022-01-14,http://wenchangrongmei.com:9080/a/202201/14/WS61e16de1e4b0a4ccfc2c2438.html,http://source.wengegroup.com/mam/61e15fa2e4b01f0dce0b8977.mp4
2022-01-15,http://wenchangrongmei.com:9080/a/202201/15/WS61e2ea70e4b0a4ccfc2c287c.html,http://source.wengegroup.com/mam/61e2ab0ce4b01f0dce0b9c62.mp4
2022-01-17,http://wenchangrongmei.com:9080/a/202201/17/WS61e57272e4b0a4ccfc2c30fd.html,http://source.wengegroup.com/mam/61e553c1e4b01f0dce0bc4a9.mp4
2022-01-18,http://wenchangrongmei.com:9080/a/202201/18/WS61e6cf69e4b0a4ccfc2c374a.html,http://source.wengegroup.com/mam/61e6adfde4b01f0dce0be6e0.mp4
2022-01-19,http://wenchangrongmei.com:9080/a/202201/19/WS61e82729e4b03502a1ff3492.html,http://source.wengegroup.com/mam/61e7f9fde4b01f0dce0c0a6d.mp4
2022-01-20,http://wenchangrongmei.com:9080/a/202201/20/WS61e97202e4b0aa14c92828fd.html,http://source.wengegroup.com/mam/61e948ade4b01f0dce0c348f.mp4
2022-01-21,http://wenchangrongmei.com:9080/a/202201/21/WS61ee1976e4b0aa14c9283a2d.html,http://source.wengegroup.com/mam/61eac20be4b01f0dce0c614e.mp4
2022-01-22,http://wenchangrongmei.com:9080/a/202201/22/WS61ebfbb3e4b0aa14c92834a8.html,http://source.wengegroup.com/mam/61ebf168e4b01f0dce0c792e.mp4
2022-01-23,http://wenchangrongmei.com:9080/a/202201/23/WS61ed5f2ae4b0aa14c92837e5.html,http://source.wengegroup.com/mam/61ed4c04e4b01f0dce0c9569.mp4
2022-01-24,http://wenchangrongmei.com:9080/a/202201/25/WS61f0142ae4b0aa14c92844ea.html,http://source.wengegroup.com/mam/61ee912ce4b01f0dce0cb4c2.mp4
2022-01-25,http://wenchangrongmei.com:9080/a/202201/25/WS61f694349ab4b791751d7da6.html,http://source.wengegroup.com/mam/61efeef5e4b01f0dce0cd876.mp4
2022-01-26,http://wenchangrongmei.com:9080/a/202201/27/WS61f17197e4b0aa14c9284c1c.html,http://source.wengegroup.com/mam/61f13584e4b01f0dce0d0682.mp4
2022-01-27,http://wenchangrongmei.com:9080/a/202201/28/WS61f2c1c7e4b0aa14c92853d2.html,http://source.wengegroup.com/mam/61f281d9e4b01f0dce0d38d7.mp4
2022-01-28,http://wenchangrongmei.com:9080/a/202201/28/WS61f402a1e4b0aa14c9285baa.html,http://source.wengegroup.com/mam/61f3d77be4b01f0dce0d66fd.mp4
2022-01-29,http://wenchangrongmei.com:9080/a/202201/30/WS61f694409ab4b791751d7da7.html,http://source.wengegroup.com/mam/61f5283de4b01f0dce0d8ea3.mp4
2022-01-30,http://wenchangrongmei.com:9080/a/202201/31/WS61f7882d9ab4b791751d7df1.html,http://source.wengegroup.com/mam/61f688bae4b01f0dce0db5a0.mp4
2022-01-31,http://wenchangrongmei.com:9080/a/202201/31/WS61fa95cee4b0aa14c928723a.html,http://source.wengegroup.com/mam/61f7b96be4b01f0dce0dc77a.mp4
2022-02-01,http://wenchangrongmei.com:9080/a/202202/01/WS61fa95dde4b0aa14c928723b.html,http://source.wengegroup.com/mam/61f91bfce4b01f0dce0dd6be.mp4
2022-02-04,http://wenchangrongmei.com:9080/a/202202/04/WS61fd353fe4b0aa14c92877c0.html,http://source.wengegroup.com/mam/61fcf8a1e4b01f0dce0df69d.mp4
2022-02-05,http://wenchangrongmei.com:9080/a/202202/05/WS61fe691ee4b0aa14c9287a5a.html,http://source.wengegroup.com/mam/61fe53f7e4b01f0dce0e0813.mp4
2022-02-06,http://wenchangrongmei.com:9080/a/202202/06/WS61ffb45ae4b0aa14c9287c97.html,http://source.wengegroup.com/mam/61ffa3aee4b01f0dce0e14ed.mp4
2022-02-07,http://wenchangrongmei.com:9080/a/202202/07/WS6203394e9ab45698dbd5d8fd.html,http://source.wengegroup.com/mam/62010ca1e4b01f0dce0e2f3e.mp4
2022-02-08,http://wenchangrongmei.com:9080/a/202202/09/WS6203393f9ab45698dbd5d8fc.html,http://source.wengegroup.com/mam/6202468be4b01f0dce0e4b7b.mp4
2022-02-09,http://wenchangrongmei.com:9080/a/202202/09/WS6203c8b8e4b0aa14c9288cab.html,http://source.wengegroup.com/mam/6203a3a7e4b01f0dce0e676b.mp4
2022-02-10,http://wenchangrongmei.com:9080/a/202202/10/WS6205167fe4b0aa14c9289229.html,http://source.wengegroup.com/mam/6203a3a7e4b01f0dce0e676b.mp4
2022-02-11,http://wenchangrongmei.com:9080/a/202202/11/WS62066dcde4b0aa14c92898ae.html,http://source.wengegroup.com/mam/62064393e4b01f0dce0e9f76.mp4
2022-02-12,http://wenchangrongmei.com:9080/a/202202/12/WS620a193a9ab45698dbd5da25.html,http://source.wengegroup.com/mam/620792fde4b01f0dce0eaed7.mp4
2022-02-14,http://wenchangrongmei.com:9080/a/202202/14/WS620a6773e4b0aa14c928a526.html,http://source.wengegroup.com/mam/620a3852e4b01f0dce0ed8a9.mp4
2022-02-15,http://wenchangrongmei.com:9080/a/202202/15/WS620bb4ece4b0aa14c928abd3.html,http://source.wengegroup.com/mam/620b92c8e4b01f0dce0f03f7.mp4
2022-02-16,http://wenchangrongmei.com:9080/a/202202/16/WS620d0dbae4b0aa14c928b1fb.html,http://source.wengegroup.com/mam/620cd858e4b01f0dce0f278f.mp4
2022-02-17,http://wenchangrongmei.com:9080/a/202202/17/WS620e5a10e4b0aa14c928b7b9.html,http://source.wengegroup.com/mam/620e27abe4b01f0dce0f4958.mp4
2022-02-18,http://wenchangrongmei.com:9080/a/202202/18/WS620fa17ae4b0aa14c928be6a.html,http://source.wengegroup.com/mam/620f8014e4b01f0dce0f6aa8.mp4
2022-02-19,http://wenchangrongmei.com:9080/a/202202/19/WS62110189e4b0aa14c928c26e.html,http://source.wengegroup.com/mam/6210d1d8e4b01f0dce0f7b69.mp4
2022-02-21,http://wenchangrongmei.com:9080/a/202202/21/WS6215af78e4b0aa14c928d543.html,http://source.wengegroup.com/mam/6213731de4b01f0dce0fac86.mp4
2022-02-22,http://wenchangrongmei.com:9080/a/202202/22/WS6214ed3ae4b0aa14c928d28d.html,http://source.wengegroup.com/mam/6214c775e4b01f0dce0fcfaa.mp4
2022-02-23,http://wenchangrongmei.com:9080/a/202202/23/WS62162febe4b0aa14c928d8d8.html,http://source.wengegroup.com/mam/62161193e4b01f0dce0ff257.mp4
2022-02-24,http://wenchangrongmei.com:9080/a/202202/24/WS62179b1ae4b0d8da4ec02781.html,http://source.wengegroup.com/mam/621770e1e4b01f0dce101957.mp4
2022-02-25,http://wenchangrongmei.com:9080/a/202202/25/WS6218e52ce4b0d8da4ec02e11.html,http://source.wengegroup.com/mam/6218bbbee4b01f0dce103a2a.mp4
2022-02-26,http://wenchangrongmei.com:9080/a/202202/26/WS621a3adce4b0d8da4ec031c3.html,http://source.wengegroup.com/mam/621a0d20e4b01f0dce104dec.mp4
2022-02-28,http://wenchangrongmei.com:9080/a/202202/28/WS621ce323e4b0d8da4ec03c74.html,http://source.wengegroup.com/mam/621cb09ee4b01f0dce108646.mp4
2022-03-01,http://wenchangrongmei.com:9080/a/202203/01/WS621e357ae4b0d8da4ec04357.html,http://source.wengegroup.com/mam/621dfd06e4b01f0dce10a77e.mp4
2022-03-02,http://wenchangrongmei.com:9080/a/202203/02/WS621f798ee4b0d8da4ec04955.html,http://source.wengegroup.com/mam/621f64a4e4b01f0dce10cb1d.mp4
2022-03-03,http://wenchangrongmei.com:9080/a/202203/03/WS6220badde4b0d8da4ec04ff0.html,http://source.wengegroup.com/mam/6220aa55e4b01f0dce10ed1a.mp4
2022-03-04,http://wenchangrongmei.com:9080/a/202203/05/WS622364b1e4b0d8da4ec05a98.html,http://source.wengegroup.com/mam/6221f645e4b01f0dce1115b4.mp4
2022-03-05,http://wenchangrongmei.com:9080/a/202203/06/WS62242bc3e4b0d8da4ec05bc1.html,http://source.wengegroup.com/mam/622341e7e4b01f0dce112ef0.mp4
2022-03-07,http://wenchangrongmei.com:9080/a/202203/08/WS6226ca2ee4b0d8da4ec0686a.html,http://source.wengegroup.com/mam/62260ca0e4b01f0dce11696a.mp4
2022-03-08,http://wenchangrongmei.com:9080/a/202203/08/WS6227759de4b0d8da4ec06d8c.html,http://source.wengegroup.com/mam/622742abe4b01f0dce119569.mp4
2022-03-09,http://wenchangrongmei.com:9080/a/202203/09/WS6228cc6ee4b0d8da4ec073eb.html,http://source.wengegroup.com/mam/62288c04e4b01f0dce11b6f9.mp4
2022-03-10,http://wenchangrongmei.com:9080/a/202203/10/WS6340da56e4b026cc9bd8b7cc.html,http://source.wengegroup.com/mam/6229ecdee4b01f0dce11d827.mp4
2022-03-11,http://wenchangrongmei.com:9080/a/202203/11/WS622b565be4b0d8da4ec08236.html,http://source.wengegroup.com/mam/622b3bb0e4b01f0dce11fe10.mp4
2022-03-12,http://wenchangrongmei.com:9080/a/202203/12/WS622caf1be4b0d8da4ec085fd.html,http://source.wengegroup.com/mam/622c97bae4b01f0dce121159.mp4
2022-03-14,http://wenchangrongmei.com:9080/a/202203/14/WS622f5695e4b0d8da4ec09232.html,http://source.wengegroup.com/mam/622f2793e4b01f0dce12449c.mp4
2022-03-15,http://wenchangrongmei.com:9080/a/202203/16/WS6231aa09e4b0d8da4ec09e48.html,http://source.wengegroup.com/mam/62307fafe4b01f0dce126863.mp4
2022-03-16,http://wenchangrongmei.com:9080/a/202203/17/WS62329d20e4b0d8da4ec0a1b0.html,http://source.wengegroup.com/mam/6231c776e4b01f0dce128bfd.mp4
2022-03-17,http://wenchangrongmei.com:9080/a/202203/17/WS62332ed5e4b0d8da4ec0a5dd.html,http://source.wengegroup.com/mam/623315e7e4b01f0dce12ae4e.mp4
2022-03-18,http://wenchangrongmei.com:9080/a/202203/18/WS62349f7ce4b0d8da4ec0ad88.html,http://source.wengegroup.com/mam/62346401e4b01f0dce12d4a8.mp4
2022-03-19,http://wenchangrongmei.com:9080/a/202203/19/WS6235ecfde4b0d8da4ec0b097.html,http://source.wengegroup.com/mam/6235b693e4b01f0dce12e6f5.mp4
2022-03-21,http://wenchangrongmei.com:9080/a/202203/21/WS62388cbde4b0d8da4ec0b9e1.html,http://source.wengegroup.com/mam/62386aa8e4b01f0dce131cca.mp4
2022-03-22,http://wenchangrongmei.com:9080/a/202203/22/WS6239e7f8e4b0d8da4ec0c0cd.html,http://source.wengegroup.com/mam/6239c488e4b01f0dce133dfd.mp4
2022-03-23,http://wenchangrongmei.com:9080/a/202203/23/WS623b3e32e4b0d8da4ec0c8fa.html,http://source.wengegroup.com/mam/623b0922e4b01f0dce136048.mp4
2022-03-24,http://wenchangrongmei.com:9080/a/202203/24/WS623c8dc6e4b0d8da4ec0de4e.html,http://source.wengegroup.com/mam/623c60f6e4b01f0dce1384d5.mp4
2022-03-25,http://wenchangrongmei.com:9080/a/202203/25/WS623ddd34e4b0d8da4ec0e51a.html,http://source.wengegroup.com/mam/623da922e4b01f0dce13a913.mp4
2022-03-26,http://wenchangrongmei.com:9080/a/202203/26/WS623f1a93e4b0d8da4ec0e838.html,http://source.wengegroup.com/mam/623ef7a3e4b01f0dce13b977.mp4
2022-03-28,http://wenchangrongmei.com:9080/a/202203/28/WS6241c562e4b0d8da4ec0f2f2.html,http://source.wengegroup.com/mam/6241a72de4b01f0dce13e91d.mp4
2022-03-29,http://wenchangrongmei.com:9080/a/202203/29/WS624318ace4b0d8da4ec0fb1d.html,http://source.wengegroup.com/mam/6242e576e4b01f0dce140d6f.mp4
2022-03-30,http://wenchangrongmei.com:9080/a/202203/30/WS62446bd9e4b0d8da4ec103ac.html,http://source.wengegroup.com/mam/62444da6e4b01f0dce14349a.mp4
2022-03-31,http://wenchangrongmei.com:9080/a/202203/31/WS6245b171e4b0d8da4ec10acd.html,http://source.wengegroup.com/mam/62459147e4b01f0dce1451ac.mp4
2022-04-01,http://wenchangrongmei.com:9080/a/202204/02/WS6247abbae4b0d8da4ec113df.html,http://source.wengegroup.com/mam/6246f29de4b01f0dce14799f.mp4
2022-04-02,http://wenchangrongmei.com:9080/a/202204/02/WS62486bbbe4b0d8da4ec11a34.html,http://source.wengegroup.com/mam/624839f3e4b01f0dce14a1a4.mp4
2022-04-03,http://wenchangrongmei.com:9080/a/202204/03/WS6249a891e4b0d8da4ec11e06.html,http://source.wengegroup.com/mam/62498443e4b01f0dce14b755.mp4
2022-04-04,http://wenchangrongmei.com:9080/a/202204/06/WS624d6221e4b0d8da4ec12dd3.html,http://source.wengegroup.com/mam/624af17fe4b01f0dce14cfc7.mp4
2022-04-05,http://wenchangrongmei.com:9080/a/202204/05/WS624c4d7ee4b0d8da4ec126bd.html,http://source.wengegroup.com/mam/624c2bcce4b01f0dce14e58a.mp4
2022-04-06,http://wenchangrongmei.com:9080/a/202204/08/WS624f0b03e4b0d8da4ec13664.html,http://source.wengegroup.com/mam/624d767de4b01f0dce150c59.mp4
2022-04-07,http://wenchangrongmei.com:9080/a/202204/08/WS624f0c7ce4b0d8da4ec13679.html,http://source.wengegroup.com/mam/624ec61ce4b01f0dce152e4d.mp4
2022-04-08,http://wenchangrongmei.com:9080/a/202204/09/WS625073d3e4b0d8da4ec13e2f.html,http://source.wengegroup.com/mam/625013e7e4b01f0dce15521a.mp4
2022-04-09,http://wenchangrongmei.com:9080/a/202204/10/WS6256d495e4b0d8da4ec15dd5.html,http://source.wengegroup.com/mam/62516c1be4b01f0dce156338.mp4
2022-04-11,http://wenchangrongmei.com:9080/a/202204/11/WS62541f2ae4b0d8da4ec14cef.html,http://source.wengegroup.com/mam/6254152ee4b01f0dce159dd4.mp4
2022-04-12,http://wenchangrongmei.com:9080/a/202204/12/WS62556f5de4b0d8da4ec1553e.html,http://source.wengegroup.com/mam/62555c36e4b01f0dce15c1fe.mp4
2022-04-13,http://wenchangrongmei.com:9080/a/202204/13/WS6256d6b0e4b0d8da4ec15df0.html,http://source.wengegroup.com/mam/6256bb06e4b01f0dce15eb64.mp4
2022-04-14,http://wenchangrongmei.com:9080/a/202204/14/WS62582d4ce4b0d8da4ec16600.html,http://source.wengegroup.com/mam/6258020ce4b01f0dce161400.mp4
2022-04-15,http://wenchangrongmei.com:9080/a/202204/15/WS62598519e4b0d8da4ec16e6e.html,http://source.wengegroup.com/mam/625965d3e4b08262a612bc92.mp4
2022-04-16,http://wenchangrongmei.com:9080/a/202204/16/WS625ac223e4b0d8da4ec1723d.html,http://source.wengegroup.com/mam/625aa40ae4b08262a612cfc5.mp4
2022-04-18,http://wenchangrongmei.com:9080/a/202204/19/WS625e24c8e4b0d8da4ec17f9f.html,http://source.wengegroup.com/mam/625d4c94e4b08262a613048f.mp4
2022-04-19,http://wenchangrongmei.com:9080/a/202204/19/WS625ec170e4b0d8da4ec184d1.html,http://source.wengegroup.com/mam/625ea4a3e4b08262a613290e.mp4
2022-04-20,http://wenchangrongmei.com:9080/a/202204/20/WS62601dcfe4b0d8da4ec18c5e.html,http://source.wengegroup.com/mam/625ff6ece4b08262a6134ed8.mp4
2022-04-21,http://wenchangrongmei.com:9080/a/202204/21/WS6340da49e4b026cc9bd8b7cb.html,http://source.wengegroup.com/mam/6261450fe4b08262a613728b.mp4
2022-04-22,http://wenchangrongmei.com:9080/a/202204/22/WS6340da3ee4b026cc9bd8b7c8.html,http://source.wengegroup.com/mam/62628f0de4b08262a613a065.mp4
2022-04-23,http://wenchangrongmei.com:9080/a/202204/23/WS62640948e4b0d8da4ec19fcd.html,http://source.wengegroup.com/mam/6263dbcce4b08262a613b565.mp4
2022-04-24,http://wenchangrongmei.com:9080/a/202204/25/WS62658815e4b000628723fc31.html,http://source.wengegroup.com/mam/626538d0e4b08262a613d6f9.mp4
2022-04-25,http://wenchangrongmei.com:9080/a/202204/25/WS6266addce4b00062872405ef.html,http://source.wengegroup.com/mam/62668deee4b08262a613fb95.mp4
2022-04-26,http://wenchangrongmei.com:9080/a/202204/26/WS6267fa43e4b0006287241406.html,http://source.wengegroup.com/mam/6267d89ee4b08262a6141f84.mp4
2022-04-27,http://wenchangrongmei.com:9080/a/202204/27/WS626944a6e4b0006287241d08.html,http://source.wengegroup.com/mam/62692531e4b08262a61449f2.mp4
2022-04-28,http://wenchangrongmei.com:9080/a/202204/28/WS626ab6b1e4b00062872426fe.html,http://source.wengegroup.com/mam/626a7e43e4b08262a6147b3e.mp4
2022-04-29,http://wenchangrongmei.com:9080/a/202204/29/WS626bff5ae4b00062872430be.html,http://source.wengegroup.com/mam/626bcddde4b08262a614b0aa.mp4
2022-04-30,http://wenchangrongmei.com:9080/a/202204/30/WS626d4f04e4b0006287243551.html,http://source.wengegroup.com/mam/626d2e45e4b08262a614cd12.mp4
2022-05-01,http://wenchangrongmei.com:9080/a/202205/01/WS626ea453e4b00062872438fc.html,http://source.wengegroup.com/mam/626e94a8e4b08262a614e087.mp4
2022-05-02,http://wenchangrongmei.com:9080/a/202205/03/WS62709650e4b0006287243c3c.html,http://source.wengegroup.com/mam/626fbdaae4b08262a614edfe.mp4
2022-05-04,http://wenchangrongmei.com:9080/a/202205/05/WS62734002e4b00062872443b2.html,http://source.wengegroup.com/mam/627291a1e4b08262a6150c08.mp4
2022-05-05,http://wenchangrongmei.com:9080/a/202205/05/WS6273eff4e4b0006287244828.html,http://source.wengegroup.com/mam/6273b083e4b08262a6152aba.mp4
2022-05-06,http://wenchangrongmei.com:9080/a/202205/06/WS6275297ae4b0006287244ef7.html,http://source.wengegroup.com/mam/627508c5e4b08262a6154a83.mp4
2022-05-07,http://wenchangrongmei.com:9080/a/202205/07/WS6276910f60b2b2be7b0905f7.html,http://source.wengegroup.com/mam/62765aa4e4b08262a6156bf2.mp4
2022-05-09,http://wenchangrongmei.com:9080/a/202205/09/WS62791d05e4b0006287245ff4.html,http://source.wengegroup.com/mam/6278ff49e4b08262a6159fe8.mp4
2022-05-10,http://wenchangrongmei.com:9080/a/202205/10/WS627a81cbe4b0006287246821.html,http://source.wengegroup.com/mam/627a591be4b08262a615ca29.mp4
2022-05-11,http://wenchangrongmei.com:9080/a/202205/11/WS627bb45be4b0006287247629.html,http://source.wengegroup.com/mam/627b9d03e4b08262a615efcf.mp4
2022-05-12,http://wenchangrongmei.com:9080/a/202205/12/WS627d0a9be4b000628724842e.html,http://source.wengegroup.com/mam/627cfb57e4b08262a6161dc0.mp4
2022-05-13,http://wenchangrongmei.com:9080/a/202205/13/WS627e7522e4b0006287248de4.html,http://source.wengegroup.com/mam/627e3cb7e4b08262a6164931.mp4
2022-05-14,http://wenchangrongmei.com:9080/a/202205/14/WS627fbc12e4b000628724912a.html,http://source.wengegroup.com/mam/627f9154e4b08262a6165d93.mp4
2022-05-16,http://wenchangrongmei.com:9080/a/202205/16/WS62824847e4b0006287249b0b.html,http://source.wengegroup.com/mam/628243fae4b08262a6168d2b.mp4
2022-05-17,http://wenchangrongmei.com:9080/a/202205/17/WS6283a000e4b000628724a229.html,http://source.wengegroup.com/mam/6283893ae4b08262a616ade6.mp4
2022-05-20,http://wenchangrongmei.com:9080/a/202205/20/WS62879e8d995454ba51c7d41b.html,http://source.wengegroup.com/mam/62877bb5e4b08262a6171ff1.mp4
2022-05-21,http://wenchangrongmei.com:9080/a/202205/21/WS628ba450e4b000628724c2c5.html,http://source.wengegroup.com/mam/6288cbefe4b08262a6172ee7.mp4
2022-05-23,http://wenchangrongmei.com:9080/a/202205/23/WS628ba461e4b000628724c2c9.html,http://source.wengegroup.com/mam/628b7d32e4b08262a6175fd2.mp4
2022-05-25,http://wenchangrongmei.com:9080/a/202205/25/WS628e25d5e4b000628724d0a8.html,http://source.wengegroup.com/mam/628e17b6e4b08262a617a90a.mp4
2022-05-26,http://wenchangrongmei.com:9080/a/202205/26/WS628f9e08e4b000628724d86a.html,http://source.wengegroup.com/mam/628f6fb4e4b08262a617d061.mp4
2022-05-27,http://wenchangrongmei.com:9080/a/202205/27/WS6290e167e4b000628724dee7.html,http://source.wengegroup.com/mam/6290befee4b08262a617f58a.mp4
2022-05-28,http://wenchangrongmei.com:9080/a/202205/28/WS629228d6e4b000628724e297.html,http://source.wengegroup.com/mam/62921063e4b08262a6180764.mp4
2022-05-30,http://wenchangrongmei.com:9080/a/202205/30/WS6294d8e5e4b000628724ece2.html,http://source.wengegroup.com/mam/6294b296e4b08262a6183d55.mp4
2022-05-31,http://wenchangrongmei.com:9080/a/202206/01/WS62963bd0e4b000628724f482.html,http://source.wengegroup.com/mam/62960786e4b08262a618673b.mp4
2022-06-01,http://wenchangrongmei.com:9080/a/202206/02/WS6297917ee4b000628724fb7b.html,http://source.wengegroup.com/mam/629750ffe4b08262a6189b9b.mp4
2022-06-02,http://wenchangrongmei.com:9080/a/202206/03/WS6298e20ce4b0c8d86e2a3b5e.html,http://source.wengegroup.com/mam/6298a6f0e4b08262a618d801.mp4
2022-06-03,http://wenchangrongmei.com:9080/a/202206/04/WS629a9bc2e4b0c8d86e2a4033.html,http://source.wengegroup.com/mam/6299fb37e4b08262a618f32e.mp4
2022-06-04,http://wenchangrongmei.com:9080/a/202206/04/WS629b64d8e4b0c8d86e2a4305.html,http://source.wengegroup.com/mam/629b4779e4b08262a6190450.mp4
2022-06-06,http://wenchangrongmei.com:9080/a/202206/06/WS629e1033e4b0c8d86e2a4cf1.html,http://source.wengegroup.com/mam/629df0dee4b08262a61938cb.mp4
2022-06-07,http://wenchangrongmei.com:9080/a/202206/07/WS629f61d7e4b0c8d86e2a540b.html,http://source.wengegroup.com/mam/629f37c9e4b08262a6195bb0.mp4
2022-06-08,http://wenchangrongmei.com:9080/a/202206/09/WS62a0c98ce4b0c8d86e2a5b8f.html,http://source.wengegroup.com/mam/62a08856e4b08262a61981f6.mp4
2022-06-09,http://wenchangrongmei.com:9080/a/202206/09/WS62a20596e4b0c8d86e2a63c4.html,http://source.wengegroup.com/mam/62a1ddfce4b08262a619a693.mp4
2022-06-10,http://wenchangrongmei.com:9080/a/202206/10/WS62a35fbbe4b0c8d86e2a6afc.html,http://source.wengegroup.com/mam/62a32ff7e4b08262a619cc33.mp4
2022-06-11,http://wenchangrongmei.com:9080/a/202206/11/WS62a4b26fe4b0c8d86e2a6ebe.html,http://source.wengegroup.com/mam/62a49066e4b08262a619e0d7.mp4
2022-06-12,http://wenchangrongmei.com:9080/a/202206/12/WS62a5fb23e4b0c8d86e2a71c9.html,http://source.wengegroup.com/mam/62a5d853e4b08262a619f1a5.mp4
2022-06-13,http://wenchangrongmei.com:9080/a/202206/13/WS62a7512ce4b0c8d86e2a789a.html,http://source.wengegroup.com/mam/62a71eefe4b08262a61a1083.mp4
2022-06-14,http://wenchangrongmei.com:9080/a/202206/14/WS62a87f09e4b0c8d86e2a7f6f.html,http://source.wengegroup.com/mam/62a86fd5e4b08262a61a348e.mp4
2022-06-15,http://wenchangrongmei.com:9080/a/202206/15/WS62a9fdf0e4b0c8d86e2a8765.html,http://source.wengegroup.com/mam/62a9bc22e4b08262a61a55eb.mp4
2022-06-16,http://wenchangrongmei.com:9080/a/202206/16/WS62ab4675e4b0c8d86e2a8e5c.html,http://source.wengegroup.com/mam/62ab17ade4b08262a61a7deb.mp4
2022-06-17,http://wenchangrongmei.com:9080/a/202206/18/WS62acb349e4b0c8d86e2a959a.html,http://source.wengegroup.com/mam/62ac6180e4b08262a61aa2d4.mp4
2022-06-18,http://wenchangrongmei.com:9080/a/202206/18/WS62adea3ae4b0c8d86e2a98d8.html,http://source.wengegroup.com/mam/62adb71ae4b08262a61ab7ad.mp4
2022-06-20,http://wenchangrongmei.com:9080/a/202206/20/WS62b07dcbe4b0c8d86e2aa33d.html,http://source.wengegroup.com/mam/62b06cb4e4b08262a61aea49.mp4
2022-06-21,http://wenchangrongmei.com:9080/a/202206/21/WS62b1cf78e4b0c8d86e2aab28.html,http://source.wengegroup.com/mam/62b1ab7ce4b08262a61b0d01.mp4
2022-06-22,http://wenchangrongmei.com:9080/a/202206/22/WS62b30ec9e4b0c8d86e2ab262.html,http://source.wengegroup.com/mam/62b2fbb4e4b08262a61b326a.mp4
2022-06-23,http://wenchangrongmei.com:9080/a/202206/23/WS62b46c05e4b0c8d86e2abaa4.html,http://source.wengegroup.com/mam/62b44e69e4b08262a61b5894.mp4
2022-06-24,http://wenchangrongmei.com:9080/a/202206/24/WS62b5ccf1e4b046c89a01c170.html,http://source.wengegroup.com/mam/62b59b8ee4b08262a61b84f6.mp4
2022-06-25,http://wenchangrongmei.com:9080/a/202206/25/WS62b7100ae4b046c89a01c52d.html,http://source.wengegroup.com/mam/62b6ee8de4b08262a61b9efc.mp4
2022-06-27,http://wenchangrongmei.com:9080/a/202206/28/WS62bb1a9ae4b046c89a01da56.html,http://source.wengegroup.com/mam/62b99f18e4b08262a61bd98c.mp4
2022-06-28,http://wenchangrongmei.com:9080/a/202206/29/WS62bbb589e4b046c89a01dc0e.html,http://source.wengegroup.com/mam/62baea0ce4b08262a61bff7a.mp4
2022-06-29,http://wenchangrongmei.com:9080/a/202207/01/WS62bdca41e4b046c89a01ed0e.html,http://source.wengegroup.com/mam/62bc63aae4b08262a61c2d27.mp4
2022-06-30,http://wenchangrongmei.com:9080/a/202207/01/WS62be65f9e4b046c89a01ef2d.html,http://source.wengegroup.com/mam/62bdc23ce4b08262a61c5a23.mp4
2022-07-01,http://wenchangrongmei.com:9080/a/202207/01/WS6340da34e4b026cc9bd8b7c7.html,http://source.wengegroup.com/mam/62befd7ee4b08262a61c8ead.mp4
2022-07-02,http://wenchangrongmei.com:9080/a/202207/02/WS62c05e65e4b046c89a01f8a9.html,http://source.wengegroup.com/mam/62c03eade4b08262a61ca3da.mp4
2022-07-04,http://wenchangrongmei.com:9080/a/202207/04/WS62c30990e4b046c89a020154.html,http://source.wengegroup.com/mam/62c2dcf1e4b08262a61cd0db.mp4
2022-07-05,http://wenchangrongmei.com:9080/a/202207/05/WS62c44f86e4b046c89a02084b.html,http://source.wengegroup.com/mam/62c41cf4e4b08262a61cf59b.mp4
2022-07-06,http://wenchangrongmei.com:9080/a/202207/06/WS62c5a3bae4b046c89a020f2e.html,http://source.wengegroup.com/mam/62c5729ee4b08262a61d176a.mp4
2022-07-07,http://wenchangrongmei.com:9080/a/202207/07/WS62c6ec99e4b046c89a0214a1.html,http://source.wengegroup.com/mam/62c6d0d8e4b08262a61d37d1.mp4
2022-07-08,http://wenchangrongmei.com:9080/a/202207/08/WS62c845b7e4b046c89a021af5.html,http://source.wengegroup.com/mam/62c8216ae4b08262a61d5915.mp4
2022-07-11,http://wenchangrongmei.com:9080/a/202207/11/WS62cc45a0e4b046c89a022663.html,http://source.wengegroup.com/mam/62cc1703e4b08262a61d9385.mp4
2022-07-12,http://wenchangrongmei.com:9080/a/202207/12/WS62cd7ba7e4b046c89a022c70.html,http://source.wengegroup.com/mam/62cd5f23e4b08262a61db09b.mp4
2022-07-13,http://wenchangrongmei.com:9080/a/202207/14/WS62d008b4e4b046c89a0239ea.html,http://source.wengegroup.com/mam/62ceb2a7e4b08262a61dd17c.mp4
2022-07-14,http://wenchangrongmei.com:9080/a/202207/14/WS62d02b81e4b046c89a023a47.html,http://source.wengegroup.com/mam/62d00ba1e4b08262a61df687.mp4
2022-07-15,http://wenchangrongmei.com:9080/a/202207/15/WS62d18b26e4b046c89a024190.html,http://source.wengegroup.com/mam/62d15d40e4b08262a61e1eca.mp4
2022-07-16,http://wenchangrongmei.com:9080/a/202207/16/WS62d2c769e4b046c89a02443f.html,http://source.wengegroup.com/mam/62d29b08e4b08262a61e2f08.mp4
2022-07-18,http://wenchangrongmei.com:9080/a/202207/18/WS62d56a10e4b046c89a024dce.html,http://source.wengegroup.com/mam/62d54822e4b08262a61e5b50.mp4
2022-07-19,http://wenchangrongmei.com:9080/a/202207/19/WS62d6d37fe4b046c89a025688.html,http://source.wengegroup.com/mam/62d698a0e4b08262a61e7b2d.mp4
2022-07-20,http://wenchangrongmei.com:9080/a/202207/20/WS62d7fd9ee4b046c89a025fa2.html,http://source.wengegroup.com/mam/62d7e86ce4b08262a61e9ca6.mp4
2022-07-21,http://wenchangrongmei.com:9080/a/202207/21/WS62d972bde4b046c89a026a12.html,http://source.wengegroup.com/mam/62d96d79e4b08262a61ec2d4.mp4
2022-07-22,http://wenchangrongmei.com:9080/a/202207/22/WS62daa6b8e4b046c89a0273d5.html,http://source.wengegroup.com/mam/62da9204e4b08262a61ee32c.mp4
2022-07-23,http://wenchangrongmei.com:9080/a/202207/23/WS62dc160ae4b046c89a0277b3.html,http://source.wengegroup.com/mam/62dc0171e4b08262a61ef628.mp4
2022-07-24,http://wenchangrongmei.com:9080/a/202207/24/WS62dd635ee4b046c89a027a87.html,http://source.wengegroup.com/mam/62dd460ee4b08262a61f0335.mp4
2022-07-25,http://wenchangrongmei.com:9080/a/202207/25/WS62de9f7ce4b046c89a02838c.html,http://source.wengegroup.com/mam/62de7f7de4b08262a61f2372.mp4
2022-07-26,http://wenchangrongmei.com:9080/a/202207/26/WS62dff4f7e4b046c89a028b78.html,http://source.wengegroup.com/mam/62dfd810e4b08262a61f4bdf.mp4
2022-07-28,http://wenchangrongmei.com:9080/a/202207/28/WS62e29b38e4b046c89a02a6fb.html,http://source.wengegroup.com/mam/62e274f2e4b08262a61f8d43.mp4
2022-07-29,http://wenchangrongmei.com:9080/a/202207/29/WS62e3f1bae4b046c89a02b04c.html,http://source.wengegroup.com/mam/62e3c9d7e4b08262a61fb67e.mp4
2022-07-30,http://wenchangrongmei.com:9080/a/202207/30/WS62e5252fe4b046c89a02b329.html,http://source.wengegroup.com/mam/62e517f4e4b08262a61fcb10.mp4
2022-08-01,http://wenchangrongmei.com:9080/a/202208/01/WS6340da28e4b026cc9bd8b7c6.html,http://source.wengegroup.com/mam/62e7c465e4b08262a62001fd.mp4
2022-08-02,http://wenchangrongmei.com:9080/a/202208/02/WS62ea9050e4b046c89a02d575.html,http://source.wengegroup.com/mam/62e9196ce4b08262a6202a36.mp4
2022-08-03,http://wenchangrongmei.com:9080/a/202208/03/WS62ea903be4b046c89a02d574.html,http://source.wengegroup.com/mam/62ea6536e4b08262a6204eb1.mp4
2022-08-04,http://wenchangrongmei.com:9080/a/202208/05/WS62ecd4dce4b046c89a02e0cd.html,http://source.wengegroup.com/mam/62ebad79e4b08262a62072ad.mp4
2022-08-05,http://wenchangrongmei.com:9080/a/202208/05/WS62f04804e4b046c89a02ed42.html,http://source.wengegroup.com/mam/62ed0648e4b08262a62098fa.mp4
2022-08-06,http://wenchangrongmei.com:9080/a/202208/08/WS62f04811e4b046c89a02ed43.html,http://source.wengegroup.com/mam/62ee5bc8e4b08262a620ae28.mp4
2022-08-07,http://wenchangrongmei.com:9080/a/202208/08/WS62f04897e4b046c89a02ed54.html,http://source.wengegroup.com/mam/62efae80e4b08262a620bfa2.mp4
2022-08-08,http://wenchangrongmei.com:9080/a/202208/08/WS62f12bb5e4b046c89a02fcd2.html,http://source.wengegroup.com/mam/62f0fa66e4b08262a620e61e.mp4
2022-08-09,http://wenchangrongmei.com:9080/a/202208/10/WS62f28854e4b046c89a030b17.html,http://source.wengegroup.com/mam/62f25bf9e4b08262a6210c85.mp4
2022-08-10,http://wenchangrongmei.com:9080/a/202208/11/WS62f3dbfde4b046c89a0312d1.html,http://source.wengegroup.com/mam/62f3cf86e4b08262a6213310.mp4
2022-08-11,http://wenchangrongmei.com:9080/a/202208/11/WS62f5258fe4b046c89a031aef.html,http://source.wengegroup.com/mam/62f50ea3e4b08262a621530a.mp4
2022-08-12,http://wenchangrongmei.com:9080/a/202208/12/WS62f66f5ae4b046c89a032315.html,http://source.wengegroup.com/mam/62f6502ce4b08262a6217859.mp4
2022-08-13,http://wenchangrongmei.com:9080/a/202208/13/WS62f7be3be4b046c89a0327be.html,http://source.wengegroup.com/mam/62f799dfe4b08262a6218ab4.mp4
2022-08-14,http://wenchangrongmei.com:9080/a/202208/14/WS62f91773e4b046c89a032bee.html,http://source.wengegroup.com/mam/62f8e923e4b08262a6219c74.mp4
2022-08-15,http://wenchangrongmei.com:9080/a/202208/16/WS62fa6e51e4b046c89a0334a3.html,http://source.wengegroup.com/mam/62fa3ce6e4b08262a621c19f.mp4
2022-08-16,http://wenchangrongmei.com:9080/a/202208/17/WS62fc2844e4b046c89a033ea5.html,http://source.wengegroup.com/mam/62fbb10ee4b08262a621ee0b.mp4
2022-08-17,http://wenchangrongmei.com:9080/a/202208/17/WS630387a4e4b046c89a038103.html,http://source.wengegroup.com/mam/62fcd534e4b08262a6220e70.mp4
2022-08-19,http://wenchangrongmei.com:9080/a/202208/19/WS630f8dbde4b0bc35190f8f9a.html,http://source.wengegroup.com/mam/62ff7dcce4b08262a622604c.mp4
2022-08-20,http://wenchangrongmei.com:9080/a/202208/20/WS630387aee4b046c89a038104.html,http://source.wengegroup.com/mam/6300cdeee4b08262a622742b.mp4
2022-08-22,http://wenchangrongmei.com:9080/a/202208/22/WS630387c9e4b046c89a038106.html,http://source.wengegroup.com/mam/63036b04e4b08262a622a685.mp4
2022-08-23,http://wenchangrongmei.com:9080/a/202208/23/WS6304f6d0e4b046c89a039c92.html,http://source.wengegroup.com/mam/6304c856e4b08262a622ca24.mp4
2022-08-24,http://wenchangrongmei.com:9080/a/202208/24/WS63063ba7e4b046c89a03a91b.html,http://source.wengegroup.com/mam/63061228e4b08262a622eeff.mp4
2022-08-25,http://wenchangrongmei.com:9080/a/202208/25/WS63078f48e4b046c89a03b9e8.html,http://source.wengegroup.com/mam/63075dc9e4b08262a62310a5.mp4
2022-08-26,http://wenchangrongmei.com:9080/a/202208/26/WS6308e8c9e4b0bc35190f6a51.html,http://source.wengegroup.com/mam/6308b6d2e4b08262a6233794.mp4
2022-08-27,http://wenchangrongmei.com:9080/a/202208/27/WS630a3349e4b0bc35190f6eb8.html,http://source.wengegroup.com/mam/630a0a50e4b0b1aafd161d0e.mp4
2022-08-28,http://wenchangrongmei.com:9080/a/202208/28/WS630b85dbe4b0bc35190f72a0.html,http://source.wengegroup.com/mam/630b5176e4b0b1aafd162b6a.mp4
2022-08-31,http://wenchangrongmei.com:9080/a/202209/01/WS630f8d9de4b0bc35190f8f99.html,http://source.wengegroup.com/mam/630f5e68e4b0b1aafd16970a.mp4
2022-09-01,http://wenchangrongmei.com:9080/a/202209/02/WS63124715e4b0bc35190fab2c.html,http://source.wengegroup.com/mam/6310e06ce4b0b1aafd16bc7e.mp4
2022-09-02,http://wenchangrongmei.com:9080/a/202209/03/WS631246fbe4b0bc35190fab2a.html,http://source.wengegroup.com/mam/6311f4e2e4b0b1aafd16e048.mp4
2022-09-03,http://wenchangrongmei.com:9080/a/202209/04/WS6315b20be4b0bc35190fba2e.html,http://source.wengegroup.com/mam/631342dae4b0b1aafd16f5c3.mp4
2022-09-06,http://wenchangrongmei.com:9080/a/202209/06/WS631c297b995418739eaf9345.html,http://source.wengegroup.com/mam/63173be6e4b0b1aafd174e7d.mp4
2022-09-07,http://wenchangrongmei.com:9080/a/202209/23/WS632d22afe4b0bc3519103bc1.html,http://source.wengegroup.com/mam/63188de1e4b0b1aafd177479.mp4
2022-09-09,http://wenchangrongmei.com:9080/a/202209/10/WS631c60a9e4b0bc35190fea39.html,http://source.wengegroup.com/mam/631c5d31e4b0b1aafd17e864.mp4
2022-09-10,http://wenchangrongmei.com:9080/a/202209/11/WS631cb4afe4b0bc35190fec5a.html,http://source.wengegroup.com/mam/631c8e0be4b0b1aafd17ee46.mp4
2022-09-12,http://wenchangrongmei.com:9080/a/202209/12/WS631f506de4b0bc35190ff49e.html,http://source.wengegroup.com/mam/631f17f1e4b0b1aafd181a05.mp4
2022-09-13,http://wenchangrongmei.com:9080/a/202209/13/WS63258d66e4b0bc3519101646.html,http://source.wengegroup.com/mam/63208607e4b0b1aafd183deb.mp4
2022-09-14,http://wenchangrongmei.com:9080/a/202209/15/WS632270c7e4b0bc35191003da.html,http://source.wengegroup.com/mam/6321dbeae4b0b1aafd1864ca.mp4
2022-09-15,http://wenchangrongmei.com:9080/a/202209/15/WS63258d04e4b0bc351910163e.html,http://source.wengegroup.com/mam/6323191ce4b0b1aafd188436.mp4
2022-09-16,http://wenchangrongmei.com:9080/a/202209/17/WS6324f279e4b0bc35191013c4.html,http://source.wengegroup.com/mam/6324648ae4b0b1aafd18a8d3.mp4
2022-09-17,http://wenchangrongmei.com:9080/a/202209/17/WS63289d42e4b0bc3519102398.html,http://source.wengegroup.com/mam/6325b340e4b0b1aafd18bd30.mp4
2022-09-19,http://wenchangrongmei.com:9080/a/202209/20/WS63289dcde4b0bc35191023aa.html,http://source.wengegroup.com/mam/63287035e4b0b1aafd18f42d.mp4
2022-09-20,http://wenchangrongmei.com:9080/a/202209/20/WS6329db15e4b0bc3519102b11.html,http://source.wengegroup.com/mam/6329ad0fe4b0b1aafd19128d.mp4
2022-09-21,http://wenchangrongmei.com:9080/a/202209/21/WS63396a30e4b026cc9bd89df2.html,http://source.wengegroup.com/mam/632aeb72e4b0b1aafd1930a0.mp4
2022-09-22,http://wenchangrongmei.com:9080/a/202209/22/WS63396b90e4b026cc9bd89e06.html,http://source.wengegroup.com/mam/632c4d8ae4b0b1aafd1952eb.mp4
2022-09-23,http://wenchangrongmei.com:9080/a/202209/23/WS632dd5e4e4b0bc35191040c7.html,http://source.wengegroup.com/mam/632da1abe4b0b1aafd1975bd.mp4
2022-09-24,http://wenchangrongmei.com:9080/a/202209/25/WS632fcdf5e4b0bc351910463f.html,http://source.wengegroup.com/mam/632ef6e5e4b0b1aafd198b69.mp4
2022-09-26,http://wenchangrongmei.com:9080/a/202209/26/WS6340da85e4b026cc9bd8b7d0.html,http://source.wengegroup.com/mam/6331b6d3e4b028b284d836a2.mp4
2022-09-27,http://wenchangrongmei.com:9080/a/202209/27/WS63330de1e4b0bc3519105a14.html,http://source.wengegroup.com/mam/6332df40e4b028b284d855b0.mp4
2022-09-28,http://wenchangrongmei.com:9080/a/202209/28/WS63396a3de4b026cc9bd89df3.html,http://source.wengegroup.com/mam/63344091e4b028b284d87b4c.mp4
2022-09-29,http://wenchangrongmei.com:9080/a/202209/29/WS63396a51e4b026cc9bd89df4.html,http://source.wengegroup.com/mam/63358af2e4b028b284d89e2b.mp4
2022-09-30,http://wenchangrongmei.com:9080/a/202209/30/WS63370c4be4b026cc9bd894c3.html,http://source.wengegroup.com/mam/6336e109e4b028b284d8ceb2.mp4
2022-10-01,http://wenchangrongmei.com:9080/a/202210/01/WS63396b7ee4b026cc9bd89e05.html,http://source.wengegroup.com/mam/633828f4e4b028b284d8f10a.mp4
2022-10-03,http://wenchangrongmei.com:9080/a/202210/05/WS633c66f8e4b026cc9bd8a998.html,http://source.wengegroup.com/mam/633ac3c0e4b028b284d91c2e.mp4
2022-10-04,http://wenchangrongmei.com:9080/a/202210/05/WS633c679ee4b026cc9bd8a9a7.html,http://source.wengegroup.com/mam/633c12ffe4b028b284d9314d.mp4
2022-10-05,http://wenchangrongmei.com:9080/a/202210/05/WS63412c8de4b026cc9bd8ba62.html,http://source.wengegroup.com/mam/633d6453e4b028b284d94442.mp4
2022-10-06,http://wenchangrongmei.com:9080/a/202210/06/WS633ef350e4b026cc9bd8b229.html,http://source.wengegroup.com/mam/633eb9b5e4b028b284d9569d.mp4
2022-10-07,http://wenchangrongmei.com:9080/a/202210/05/WS634042a7e4b026cc9bd8b66b.html,http://source.wengegroup.com/mam/63400f94e4b028b284d96768.mp4
2022-10-08,http://wenchangrongmei.com:9080/a/202210/08/WS63745da2e4b0f19658f9fe6d.html,http://source.wengegroup.com/mam/6341639be4b028b284d98482.mp4
2022-10-09,http://wenchangrongmei.com:9080/a/202210/11/WS63445304e4b026cc9bd8cde7.html,http://source.wengegroup.com/mam/6342be42e4b028b284d99f2c.mp4
2022-10-10,http://wenchangrongmei.com:9080/a/202210/11/WS6344531de4b026cc9bd8cde8.html,http://source.wengegroup.com/mam/6344045ae4b028b284d9bbfa.mp4
2022-10-11,http://wenchangrongmei.com:9080/a/202210/12/WS6345ac67e4b026cc9bd8d6a0.html,http://source.wengegroup.com/mam/634566cae4b028b284d9e12d.mp4
2022-10-12,http://wenchangrongmei.com:9080/a/202210/13/WS6346eb36e4b038fb5c907250.html,http://source.wengegroup.com/mam/6346b546e4b028b284da022f.mp4
2022-10-15,http://wenchangrongmei.com:9080/a/202210/17/WS634caba5e4b038fb5c90933b.html,http://source.wengegroup.com/mam/634ab142e4b04ef12c0fe719.mp4
2022-10-16,http://wenchangrongmei.com:9080/a/202210/17/WS634cac5ae4b038fb5c909355.html,http://source.wengegroup.com/mam/634bfcd1e4b04ef12c10170b.mp4
2022-10-17,http://wenchangrongmei.com:9080/a/202210/17/WS634d7abae4b038fb5c909c5e.html,http://source.wengegroup.com/mam/634d497fe4b08defb0540ced.mp4
2022-10-18,http://wenchangrongmei.com:9080/a/202210/18/WS63745d05e4b0f19658f9fe6b.html,http://source.wengegroup.com/mam/634ebe0ee4b08defb0542e00.mp4
2022-10-20,http://wenchangrongmei.com:9080/a/202210/21/WS6351818be4b038fb5c90b7d8.html,http://source.wengegroup.com/mam/63514c70e4b06f7b460a39f2.mp4
2022-10-21,http://wenchangrongmei.com:9080/a/202210/21/WS6352bab6e4b038fb5c90c152.html,http://source.wengegroup.com/mam/63528846e4b06f7b460a5978.mp4
2022-10-22,http://wenchangrongmei.com:9080/a/202210/22/WS6360784ee4b0f19658f99859.html,http://source.wengegroup.com/mam/6353db73e4b06f7b460a6d61.mp4
2022-10-24,http://wenchangrongmei.com:9080/a/202210/24/WS6356b5f6e4b038fb5c90d5d6.html,http://source.wengegroup.com/mam/6356a240e4b06f7b460a9a14.mp4
2022-10-25,http://wenchangrongmei.com:9080/a/202210/25/WS635803fce4b0f19658f96ed8.html,http://source.wengegroup.com/mam/6357d0fde4b06f7b460ab582.mp4
2022-10-26,http://wenchangrongmei.com:9080/a/202210/26/WS63607870e4b0f19658f9985d.html,http://source.wengegroup.com/mam/635929b8e4b07b844e902d5e.mp4
2022-10-27,http://wenchangrongmei.com:9080/a/202210/27/WS63607858e4b0f19658f9985a.html,http://source.wengegroup.com/mam/635a6ce7e4b0144a77adf3ef.mp4
2022-10-28,http://wenchangrongmei.com:9080/a/202210/29/WS635bffeae4b0f19658f987a4.html,http://source.wengegroup.com/mam/635bccdfe4b0283b2309091e.mp4
2022-10-29,http://wenchangrongmei.com:9080/a/202210/29/WS635d4cf8e4b0f19658f98bf2.html,http://source.wengegroup.com/mam/635d141ae4b0283b23091d82.mp4
2022-10-31,http://wenchangrongmei.com:9080/a/202210/31/WS6361c376e4b0f19658f99ff1.html,http://source.wengegroup.com/mam/635fe3e5e4b0283b23094937.mp4
2022-11-01,http://wenchangrongmei.com:9080/a/202211/02/WS6361c6b7e4b0f19658f9a02f.html,http://source.wengegroup.com/mam/63610c6fe4b0283b230962e5.mp4
2022-11-02,http://wenchangrongmei.com:9080/a/202211/03/WS63637996e4b0f19658f9ac58.html,http://source.wengegroup.com/mam/63625bb5e4b0283b23097bff.mp4
2022-11-03,http://wenchangrongmei.com:9080/a/202211/04/WS6363e857e4b0f19658f9af4c.html,http://source.wengegroup.com/mam/6363b090e4b0283b2309964e.mp4
2022-11-04,http://wenchangrongmei.com:9080/a/202211/04/WS63652e58e4b0f19658f9b610.html,http://source.wengegroup.com/mam/63652950e4b0283b2309b8ea.mp4
2022-11-05,http://wenchangrongmei.com:9080/a/202211/06/WS6367134ae4b0f19658f9ba7a.html,http://source.wengegroup.com/mam/63666b18e4b0283b2309c73d.mp4
2022-11-07,http://wenchangrongmei.com:9080/a/202211/08/WS6369d229e4b0f19658f9c79b.html,http://source.wengegroup.com/mam/6368f754e4b0283b2309efef.mp4
2022-11-08,http://wenchangrongmei.com:9080/a/202211/08/WS636a76aae4b0f19658f9cbff.html,http://source.wengegroup.com/mam/636a3d79e4b05ac70deb64b2.mp4
2022-11-09,http://wenchangrongmei.com:9080/a/202211/10/WS636bd610e4b0f19658f9d3e3.html,http://source.wengegroup.com/mam/636b941be4b05ac70deb83df.mp4
2022-11-10,http://wenchangrongmei.com:9080/a/202211/10/WS636d1a63e4b0f19658f9dbf4.html,http://source.wengegroup.com/mam/636ce33fe4b05ac70deba50d.mp4
2022-11-11,http://wenchangrongmei.com:9080/a/202211/12/WS636e79ffe4b0f19658f9e42a.html,http://source.wengegroup.com/mam/636e3e1ee4b05ac70debc124.mp4
2022-11-12,http://wenchangrongmei.com:9080/a/202211/12/WS636fbc25e4b0f19658f9e8bd.html,http://source.wengegroup.com/mam/636f8e5fe4b05ac70debcff5.mp4
2022-11-14,http://wenchangrongmei.com:9080/a/202211/15/WS6372f2e9e4b0f19658f9f556.html,http://source.wengegroup.com/mam/63723dc4e4b05ac70debf92f.mp4
2022-11-15,http://wenchangrongmei.com:9080/a/202211/16/WS6374572ae4b0f19658f9fe2c.html,http://source.wengegroup.com/mam/637375b5e4b05ac70dec1014.mp4
2022-11-16,http://wenchangrongmei.com:9080/a/202211/17/WS63759541e4b0f19658fa0554.html,http://source.wengegroup.com/mam/6374ca33e4b05ac70dec2e4f.mp4
2022-11-17,http://wenchangrongmei.com:9080/a/202211/18/WS6376d82ce4b0f19658fa0d43.html,http://source.wengegroup.com/mam/63761f7be4b05ac70dec5402.mp4
2022-11-18,http://wenchangrongmei.com:9080/a/202211/19/WS63781f5ee4b0f19658fa1486.html,http://source.wengegroup.com/mam/637779e4e4b05ac70dec7843.mp4
2022-11-19,http://wenchangrongmei.com:9080/a/202211/19/WS6378fd23e4b0f19658fa18b5.html,http://source.wengegroup.com/mam/6378d761e4b05ac70dec8c2d.mp4
2022-11-21,http://wenchangrongmei.com:9080/a/202211/21/WS637b9954e4b0f19658fa2430.html,http://source.wengegroup.com/mam/637b6d15e4b05ac70decb52b.mp4
2022-11-22,http://wenchangrongmei.com:9080/a/202211/23/WS637cfb30e4b0f19658fa2c22.html,http://source.wengegroup.com/mam/637cbd08e4b05ac70decd0e6.mp4
2022-11-23,http://wenchangrongmei.com:9080/a/202211/24/WS637f1625e4b0f19658fa375a.html,http://source.wengegroup.com/mam/637e19fae4b05ac70decf01e.mp4
2022-11-24,http://wenchangrongmei.com:9080/a/202211/26/WS63816e51e4b0f19658fa43b2.html,http://source.wengegroup.com/mam/637f543ee4b05ac70ded0a4b.mp4
2022-11-25,http://wenchangrongmei.com:9080/a/202211/26/WS63816e24e4b0f19658fa43b1.html,http://source.wengegroup.com/mam/6380ac0de4b05ac70ded2839.mp4
2022-11-26,http://wenchangrongmei.com:9080/a/202211/27/WS6382e43ee4b0f19658fa4902.html,http://source.wengegroup.com/mam/638203dde4b05ac70ded3a9d.mp4
2022-11-27,http://wenchangrongmei.com:9080/a/202211/28/WS63839016e4b0f19658fa4b7a.html,http://source.wengegroup.com/mam/63836fcde4b05ac70ded4a76.mp4
2022-11-28,http://wenchangrongmei.com:9080/a/202212/01/WS63881605e4b0f19658fa665f.html,http://source.wengegroup.com/mam/6385cb2de4b05ac70ded7ef4.mp4
2022-11-29,http://wenchangrongmei.com:9080/a/202211/30/WS6386f9c3e4b0f19658fa602e.html,http://source.wengegroup.com/mam/6385f6a8e4b05ac70ded8401.mp4
2022-12-01,http://wenchangrongmei.com:9080/a/202212/04/WS638c28f5e4b0f19658fa790f.html,http://source.wengegroup.com/mam/63889101e4b05ac70dedb72c.mp4
2022-12-02,http://wenchangrongmei.com:9080/a/202212/04/WS638c295be4b0f19658fa7919.html,http://source.wengegroup.com/mam/6389de59e4b05ac70dedd02d.mp4
2022-12-03,http://wenchangrongmei.com:9080/a/202212/04/WS638c2915e4b0f19658fa7911.html,http://source.wengegroup.com/mam/638b2f10e4b05ac70deddf9c.mp4
2022-12-05,http://wenchangrongmei.com:9080/a/202212/05/WS63929432e4b0f19658fa9d13.html,http://source.wengegroup.com/mam/638ddab4e4b05ac70dee0893.mp4
2022-12-06,http://wenchangrongmei.com:9080/a/202212/06/WS63929109e4b0f19658fa9cd5.html,http://source.wengegroup.com/mam/638f3a2be4b05ac70dee2243.mp4
2022-12-07,http://wenchangrongmei.com:9080/a/202212/07/WS639290afe4b0f19658fa9ccc.html,http://source.wengegroup.com/mam/6390741ae4b05ac70dee37dd.mp4
2022-12-08,http://wenchangrongmei.com:9080/a/202212/09/WS639291a7e4b0f19658fa9cf0.html,http://source.wengegroup.com/mam/6391ca97e4b05ac70dee511a.mp4
2022-12-09,http://wenchangrongmei.com:9080/a/202212/09/WS63a25200e4b0f19658faef08.html,http://source.wengegroup.com/mam/639311bbe4b05ac70dee6c9f.mp4
2022-12-10,http://wenchangrongmei.com:9080/a/202212/10/WS63a25216e4b0f19658faef09.html,http://source.wengegroup.com/mam/63947b37e4b05ac70dee802d.mp4
2022-12-12,http://wenchangrongmei.com:9080/a/202212/13/WS6397e6c0e4b0f19658fab8b0.html,http://source.wengegroup.com/mam/63972617e4b05ac70deead38.mp4
2022-12-13,http://wenchangrongmei.com:9080/a/202212/14/WS639927fde4b0f19658fac08f.html,http://source.wengegroup.com/mam/63986148e4b05ac70deec934.mp4
2022-12-14,http://wenchangrongmei.com:9080/a/202212/15/WS639a8846e4b0f19658fac9a8.html,http://source.wengegroup.com/mam/6399b873e4b05ac70deee54a.mp4
2022-12-15,http://wenchangrongmei.com:9080/a/202212/16/WS639be412e4b0f19658fad1fb.html,http://source.wengegroup.com/mam/639b0a91e4b05ac70def0346.mp4
2022-12-16,http://wenchangrongmei.com:9080/a/202212/17/WS639d16b7e4b0f19658fad7dc.html,http://source.wengegroup.com/mam/639c5ca0e4b05ac70def1fc6.mp4
2022-12-17,http://wenchangrongmei.com:9080/a/202212/17/WS63a25256e4b0f19658faef0e.html,http://source.wengegroup.com/mam/639db1b4e4b05ac70def2f53.mp4
2022-12-19,http://wenchangrongmei.com:9080/a/202212/20/WS63a12927e4b0f19658fae8ea.html,http://source.wengegroup.com/mam/63a04ea7e4b05ac70def5156.mp4
2022-12-20,http://wenchangrongmei.com:9080/a/202212/21/WS63a252f0e4b0f19658faef29.html,http://source.wengegroup.com/mam/63a1a443e4b05ac70def6870.mp4
2022-12-21,http://wenchangrongmei.com:9080/a/202212/21/WS63a32cdde4b0f19658faf5d2.html,http://source.wengegroup.com/mam/63a2e988e4b05ac70def7e85.mp4
2022-12-22,http://wenchangrongmei.com:9080/a/202212/23/WS63a4f6e9e4b0f19658fafc9f.html,http://source.wengegroup.com/mam/63a444e7e4b05ac70def96c8.mp4
2022-12-23,http://wenchangrongmei.com:9080/a/202212/24/WS63a68dbae4b0f19658fb05d7.html,http://source.wengegroup.com/mam/63a58df9e4b05ac70defabf4.mp4
2022-12-24,http://wenchangrongmei.com:9080/a/202212/26/WS63a92b83e4b0f19658fb0f82.html,http://source.wengegroup.com/mam/63a6e970e4b05ac70defb8f8.mp4
2022-12-26,http://wenchangrongmei.com:9080/a/202212/27/WS63aa5c05e4b0f19658fb1591.html,http://source.wengegroup.com/mam/63a99372e4b05ac70defd7eb.mp4
2022-12-27,http://wenchangrongmei.com:9080/a/202212/27/WS63ac55efe4b0f19658fb242a.html,http://source.wengegroup.com/mam/63aadc00e4b05ac70defeb9a.mp4
2022-12-28,http://wenchangrongmei.com:9080/a/202212/28/WS63ac5635e4b0f19658fb242b.html,http://source.wengegroup.com/mam/63ac369ae4b05ac70df00146.mp4
2022-12-29,http://wenchangrongmei.com:9080/a/202212/30/WS63ae3c11e4b0f19658fb2d89.html,http://source.wengegroup.com/mam/63ad771ce4b05ac70df0194d.mp4
2022-12-30,http://wenchangrongmei.com:9080/a/202212/31/WS63af8537e4b0f19658fb3524.html,http://source.wengegroup.com/mam/63aed8ebe4b05ac70df03452.mp4
2022-12-31,http://wenchangrongmei.com:9080/a/202301/01/WS63b0f501e4b0f19658fb3abc.html,http://source.wengegroup.com/mam/63b02522e4b05ac70df04758.mp4
2023-01-02,http://wenchangrongmei.com:9080/a/202301/03/WS63b3d179e4b0f19658fb4427.html,http://source.wengegroup.com/mam/63b2b8b7e4b05ac70df05f80.mp4
2023-01-03,http://wenchangrongmei.com:9080/a/202301/04/WS63b4d0cde4b0f19658fb48df.html,http://source.wengegroup.com/mam/63b40f85e4b05ac70df0754d.mp4
2023-01-04,http://wenchangrongmei.com:9080/a/202301/05/WS63b63e3be4b0f19658fb509f.html,http://source.wengegroup.com/mam/63b56854e4b05ac70df08ceb.mp4
2023-01-05,http://wenchangrongmei.com:9080/a/202301/06/WS63b77104e4b0f19658fb5663.html,http://source.wengegroup.com/mam/63b6b04de4b05ac70df0a742.mp4
2023-01-06,http://wenchangrongmei.com:9080/a/202301/08/WS63ba2fbbe4b0f19658fb6264.html,http://source.wengegroup.com/mam/63b7f9b0e4b05ac70df0c473.mp4
2023-01-07,http://wenchangrongmei.com:9080/a/202301/08/WS63ba2fcce4b0f19658fb6268.html,http://source.wengegroup.com/mam/63b95c3be4b05ac70df0d9dc.mp4
2023-01-09,http://wenchangrongmei.com:9080/a/202301/10/WS63bcb5cde4b0f19658fb6e0a.html,http://source.wengegroup.com/mam/63bbf9d7e4b05ac70df1013f.mp4
2023-01-10,http://wenchangrongmei.com:9080/a/202301/11/WS63bf7cb9e4b0f19658fb80bd.html,http://source.wengegroup.com/mam/63bd51b2e4b05ac70df121da.mp4
2023-01-11,http://wenchangrongmei.com:9080/a/202301/12/WS63bf7b60e4b0f19658fb808d.html,http://source.wengegroup.com/mam/63bebb51e4b05ac70df1485a.mp4
2023-01-12,http://wenchangrongmei.com:9080/a/202301/13/WS63c0c7afe4b0f19658fb87dc.html,http://source.wengegroup.com/mam/63bffe0be4b05ac70df16833.mp4
2023-01-13,http://wenchangrongmei.com:9080/a/202301/14/WS63c3571be4b0f19658fb930c.html,http://source.wengegroup.com/mam/63c260eee4b05ac70df19fab.mp4
2023-01-14,http://wenchangrongmei.com:9080/a/202301/15/WS63c35727e4b0f19658fb930d.html,http://source.wengegroup.com/mam/63c2b782e4b05ac70df1a806.mp4
2023-01-15,http://wenchangrongmei.com:9080/a/202301/16/WS63c687d4e4b0f19658fba43f.html,http://source.wengegroup.com/mam/63c40f1fe4b05ac70df1bbfe.mp4
2023-01-16,http://wenchangrongmei.com:9080/a/202301/17/WS63c687c9e4b0f19658fba43d.html,http://source.wengegroup.com/mam/63c53e36e4b05ac70df1da6b.mp4
2023-01-17,http://wenchangrongmei.com:9080/a/202301/18/WS63c77a1de4b0f19658fba889.html,http://source.wengegroup.com/mam/63c6904be4b05ac70df201ac.mp4
2023-01-18,http://wenchangrongmei.com:9080/a/202301/19/WS63c8a8e7e4b0f19658fbaef5.html,http://source.wengegroup.com/mam/63c7d1dee4b05ac70df22497.mp4
2023-01-19,http://wenchangrongmei.com:9080/a/202301/20/WS63c9e12be4b0f19658fbb557.html,http://source.wengegroup.com/mam/63c93567e4b05ac70df25364.mp4
