date	post_url	video_url
2021-01-01	http://news.gdmztv.com/2021/274099.shtml	http://v8.gdmztv.com:8082/mzt/vod/2021/01/01/c41966e201da4435b4c448af755c0ecd/h264_1200k_mp4.mp4
2021-01-02	http://news.gdmztv.com/2021/274153.shtml	http://v8.gdmztv.com:8082/mzt/vod/2021/01/02/b9b02f7f2bd4448084ab77db9543e747/h264_1200k_mp4.mp4
2021-01-03	http://news.gdmztv.com/2021/274176.shtml	http://v8.gdmztv.com:8082/mzt/vod/2021/01/03/2e6b1e37e2f540ceac7e1676f2e3ac08/h264_1200k_mp4.mp4
2021-01-04	http://news.gdmztv.com/2021/274235.shtml	http://v8.gdmztv.com:8082/mzt/vod/2021/01/04/a39e44deb38c4e48a456ccf42ccc0a7b/h264_1200k_mp4.mp4
2021-01-05	http://news.gdmztv.com/2021/274312.shtml	http://v8.gdmztv.com:8082/mzt/vod/2021/01/05/7c75f6ff5d554895beed51115173b10f/h264_1200k_mp4.mp4
2021-01-06	http://news.gdmztv.com/2021/274363.shtml	http://v8.gdmztv.com:8082/mzt/vod/2021/01/06/3ba1be634fc7496ea46f92f5eed443b6/h264_1200k_mp4.mp4
2021-01-07	http://news.gdmztv.com/2021/274426.shtml	http://v8.gdmztv.com:8082/mzt/vod/2021/01/07/5b79136acea544b5a684426c223fe001/h264_1200k_mp4.mp4
2021-01-08	http://news.gdmztv.com/2021/274490.shtml	http://v8.gdmztv.com:8082/mzt/vod/2021/01/08/8692da1e5bbc48288f5457006b1cb02c/h264_1200k_mp4.mp4
2021-01-09	http://news.gdmztv.com/2021/274529.shtml	http://v8.gdmztv.com:8082/mzt/vod/2021/01/09/aa6197e92ef34e788e8a01f9f261e253/h264_1200k_mp4.mp4
2021-01-10	http://news.gdmztv.com/2021/274567.shtml	http://v8.gdmztv.com:8082/mzt/vod/2021/01/10/409b644e835d47b889d6e81b316fbafd/h264_1200k_mp4.mp4
2021-01-11	http://news.gdmztv.com/2021/274647.shtml	http://v8.gdmztv.com:8082/mzt/vod/2021/01/11/41ad3f428bf240ac846625ec19f8602b/h264_1200k_mp4.mp4
2021-01-12	http://news.gdmztv.com/2021/274681.shtml	http://v8.gdmztv.com:8082/mzt/vod/2021/01/12/04b15ccc128740f1b30216a12c405ed8/h264_1200k_mp4.mp4
2021-01-13	http://news.gdmztv.com/2021/274763.shtml	http://v8.gdmztv.com:8082/mzt/vod/2021/01/14/3a4bd0a81c034e51997be8b904de14bc/h264_1200k_mp4.mp4
2021-01-14	http://news.gdmztv.com/2021/274807.shtml	http://v8.gdmztv.com:8082/mzt/vod/2021/01/14/b9d90171637041f7b498e44269249282/h264_1200k_mp4.mp4
2021-01-15	http://news.gdmztv.com/2021/274867.shtml	http://v8.gdmztv.com:8082/mzt/vod/2021/01/15/2c091be30bef416395e074f88770065f/h264_1200k_mp4.mp4
2021-01-16	http://news.gdmztv.com/2021/274919.shtml	http://v8.gdmztv.com:8082/mzt/vod/2021/01/16/71fe2f7d0e9d44989622e1a7c8d318aa/h264_1200k_mp4.mp4
2021-01-17	http://news.gdmztv.com/2021/274949.shtml	http://v8.gdmztv.com:8082/mzt/vod/2021/01/17/b5f290ec0c4c4b83b54235d872bee92b/h264_1200k_mp4.mp4
2021-01-18	http://news.gdmztv.com/2021/275014.shtml	http://v8.gdmztv.com:8082/mzt/vod/2021/01/18/206074921003491082c41b37987e95cb/h264_1200k_mp4.mp4
2021-01-19	http://news.gdmztv.com/2021/275067.shtml	http://v8.gdmztv.com:8082/mzt/vod/2021/01/19/8ae968e2dc034b1c8592816536fec619/h264_1200k_mp4.mp4
2021-01-20	http://news.gdmztv.com/2021/275148.shtml	http://v8.gdmztv.com:8082/mzt/vod/2021/01/20/c6d231d2578247069635f3af773846e5/h264_1200k_mp4.mp4
2021-01-21	http://news.gdmztv.com/2021/275208.shtml	http://v8.gdmztv.com:8082/mzt/vod/2021/01/21/a5c3648fec494055ab48ee5734873b75/h264_1200k_mp4.mp4
2021-01-22	http://news.gdmztv.com/2021/275290.shtml	http://v8.gdmztv.com:8082/mzt/vod/2021/01/22/73f76eba734c4a4ea07f562f53a0bf9a/h264_1200k_mp4.mp4
2021-01-23	http://news.gdmztv.com/2021/275342.shtml	http://v8.gdmztv.com:8082/mzt/vod/2021/01/23/e3315475e2e247dfa1e9f518ef9751af/h264_1200k_mp4.mp4
2021-01-24	http://news.gdmztv.com/2021/275374.shtml	http://v8.gdmztv.com:8082/mzt/vod/2021/01/24/d522c0e2e22b41a481edf9f8751ecad9/h264_1200k_mp4.mp4
2021-01-25	http://news.gdmztv.com/2021/275410.shtml	http://v8.gdmztv.com:8082/mzt/vod/2021/01/25/edfbc2b611854b518198f8d0934f4044/h264_1200k_mp4.mp4
2021-01-26	http://news.gdmztv.com/2021/275503.shtml	http://v8.gdmztv.com:8082/mzt/vod/2021/01/26/e14d4958598246c18f2a8c175d83bdde/h264_1200k_mp4.mp4
2021-01-27	http://news.gdmztv.com/2021/275563.shtml	http://v8.gdmztv.com:8082/mzt/vod/2021/01/27/42fa6a2ff1a240f08b3ff7dc444e5f26/h264_1200k_mp4.mp4
2021-01-28	http://news.gdmztv.com/2021/275628.shtml	http://v8.gdmztv.com:8082/mzt/vod/2021/01/28/d2bd3295bc4d4f4eaa857dbc1b42d581/h264_1200k_mp4.mp4
2021-01-29	http://news.gdmztv.com/2021/275687.shtml	http://v8.gdmztv.com:8082/mzt/vod/2021/01/29/1126a1b5b3064d4895d59c84219bc880/h264_1200k_mp4.mp4
2021-01-30	http://news.gdmztv.com/2021/275712.shtml	http://v8.gdmztv.com:8082/mzt/vod/2021/01/30/ab9107e19a4b40bbb861c094ed78e6e3/h264_1200k_mp4.mp4
2021-01-31	http://news.gdmztv.com/2021/275765.shtml	http://v8.gdmztv.com:8082/mzt/vod/2021/01/31/cd2a1aad889b4eceaf4e78b7f0757e71/h264_1200k_mp4.mp4
2021-02-01	http://news.gdmztv.com/2021/275832.shtml	http://v8.gdmztv.com:8082/mzt/vod/2021/02/01/6567340d94844293a8a9704193a603a2/h264_1200k_mp4.mp4
2021-02-02	http://news.gdmztv.com/2021/275886.shtml	http://v8.gdmztv.com:8082/mzt/vod/2021/02/02/8550061bd9334254a291b9154166ce9a/h264_1200k_mp4.mp4
2021-02-03	http://news.gdmztv.com/2021/275957.shtml	http://v8.gdmztv.com:8082/mzt/vod/2021/02/03/795445830c6647f899453fd2c9b2e146/h264_1200k_mp4.mp4
2021-02-04	http://news.gdmztv.com/2021/276026.shtml	http://v8.gdmztv.com:8082/mzt/vod/2021/02/04/3fbd4a1e54264d6eaae026cbe2d3ce8d/h264_1200k_mp4.mp4
2021-02-05	http://news.gdmztv.com/2021/276113.shtml	http://v8.gdmztv.com:8082/mzt/vod/2021/02/05/bd66b5c1693e4b3d89a85754b264e694/h264_1200k_mp4.mp4
2021-02-06	http://news.gdmztv.com/2021/276182.shtml	http://v8.gdmztv.com:8082/mzt/vod/2021/02/06/24f520d26fb74df28e36c2b25e8b538b/h264_1200k_mp4.mp4
2021-02-07	http://news.gdmztv.com/2021/276218.shtml	
2021-02-08	http://news.gdmztv.com/2021/276285.shtml	http://v8.gdmztv.com:8082/mzt/vod/2021/02/08/c26172b3684b4dfd8a476768c677f031/h264_1200k_mp4.mp4
2021-02-09	http://news.gdmztv.com/2021/276358.shtml	http://v8.gdmztv.com:8082/mzt/vod/2021/02/09/8f26c6fae8ff49cf92414dca33be055d/h264_1200k_mp4.mp4
2021-02-10	http://news.gdmztv.com/2021/276421.shtml	http://v8.gdmztv.com:8082/mzt/vod/2021/02/10/8cea101e1b6a474097fb12e1169a6c8d/h264_1200k_mp4.mp4
2021-02-11	http://news.gdmztv.com/2021/276475.shtml	http://v8.gdmztv.com:8082/mzt/vod/2021/02/11/db905b54a96e41f4afb9c6152d602cc2/h264_1200k_mp4.mp4
2021-02-12	http://news.gdmztv.com/2021/276555.shtml	http://v8.gdmztv.com:8082/mzt/vod/2021/02/12/a24e1879629c4d64ae17c42367941928/h264_1200k_mp4.mp4
2021-02-13	http://news.gdmztv.com/2021/276589.shtml	http://v8.gdmztv.com:8082/mzt/vod/2021/02/13/d8218351ba514e86a413c0faa6bdcb27/h264_1200k_mp4.mp4
2021-02-14	http://news.gdmztv.com/2021/276625.shtml	http://v8.gdmztv.com:8082/mzt/vod/2021/02/14/5d989b28cfc94290877cf542ce1e6093/h264_1200k_mp4.mp4
2021-02-15	http://news.gdmztv.com/2021/276667.shtml	http://v8.gdmztv.com:8082/mzt/vod/2021/02/15/ae37c8bec9864da1aad18f335bbaf025/h264_1200k_mp4.mp4
2021-02-16	http://news.gdmztv.com/2021/276716.shtml	http://v8.gdmztv.com:8082/mzt/vod/2021/02/16/abfc78ee5c754a818e70dc23697f07bd/h264_1200k_mp4.mp4
2021-02-17	http://news.gdmztv.com/2021/276795.shtml	http://v8.gdmztv.com:8082/mzt/vod/2021/02/17/7c0d338a3dd94b0fbf63b96aeccd90e6/h264_1200k_mp4.mp4
2021-02-18	http://news.gdmztv.com/2021/276852.shtml	http://v8.gdmztv.com:8082/mzt/vod/2021/02/18/fee67bf824344fd0ba4ccdd993913583/h264_1200k_mp4.mp4
2021-02-19	http://news.gdmztv.com/2021/276884.shtml	http://v8.gdmztv.com:8082/mzt/vod/2021/02/19/6e73470751e343b09e1437692a7ef68e/h264_1200k_mp4.mp4
2021-02-20	http://news.gdmztv.com/2021/276971.shtml	http://v8.gdmztv.com:8082/mzt/vod/2021/02/20/558c30b99af0462faa312f558bd43964/h264_1200k_mp4.mp4
2021-02-21	http://news.gdmztv.com/2021/277002.shtml	http://v8.gdmztv.com:8082/mzt/vod/2021/02/21/1b084f3c3d314f8290cbff41e6ea534f/h264_1200k_mp4.mp4
2021-02-22	http://news.gdmztv.com/2021/277059.shtml	http://v8.gdmztv.com:8082/mzt/vod/2021/02/22/8df6985f1d2f4a09a3851e855d8b1bd0/h264_1200k_mp4.mp4
2021-02-23	http://news.gdmztv.com/2021/277105.shtml	http://v8.gdmztv.com:8082/mzt/vod/2021/02/23/f0158e08eb3a483dbacbe3c3c1212506/h264_1200k_mp4.mp4
2021-02-24	http://news.gdmztv.com/2021/277198.shtml	http://v8.gdmztv.com:8082/mzt/vod/2021/02/25/c50ea362307b4569a9088ea2c8655058/h264_1200k_mp4.mp4
2021-02-25	http://news.gdmztv.com/2021/277251.shtml	http://v8.gdmztv.com:8082/mzt/vod/2021/02/25/cac96f45238d4e2d824ca1d4c6d66c9e/h264_1200k_mp4.mp4
2021-02-26	http://news.gdmztv.com/2021/277320.shtml	http://v8.gdmztv.com:8082/mzt/vod/2021/02/26/8d2c7ae2dbca40669c879ea23b3df590/h264_1200k_mp4.mp4
2021-02-27	http://news.gdmztv.com/2021/277360.shtml	http://v8.gdmztv.com:8082/mzt/vod/2021/02/27/18e0fb1740714973bca03b84480b87a9/h264_1200k_mp4.mp4
2021-02-28	http://news.gdmztv.com/2021/277384.shtml	http://v8.gdmztv.com:8082/mzt/vod/2021/02/28/4795d82233174dc6b302f9e89748f880/h264_1200k_mp4.mp4
2021-03-01	http://news.gdmztv.com/2021/277448.shtml	http://v8.gdmztv.com:8082/mzt/vod/2021/03/01/6854724f5adf4156adc9549cfcbe20ab/h264_1200k_mp4.mp4
2021-03-02	http://news.gdmztv.com/2021/277509.shtml	http://v8.gdmztv.com:8082/mzt/vod/2021/03/02/d9f5bd47dbd34408bd407bbf8ace2d1f/h264_1200k_mp4.mp4
2021-03-03	http://news.gdmztv.com/2021/277556.shtml	http://v8.gdmztv.com:8082/mzt/vod/2021/03/03/89fee8f9faae41e5ab9cdf52ed602c21/h264_1200k_mp4.mp4
2021-03-04	http://news.gdmztv.com/2021/277634.shtml	http://v8.gdmztv.com:8082/mzt/vod/2021/03/04/468bb3b2a2884b7f8a7a019e37d03c12/h264_1200k_mp4.mp4
2021-03-05	http://news.gdmztv.com/2021/277694.shtml	http://v8.gdmztv.com:8082/mzt/vod/2021/03/05/cc0ce6279eeb4ce6b655f5695abc3bab/h264_1200k_mp4.mp4
2021-03-06	http://news.gdmztv.com/2021/277736.shtml	http://v8.gdmztv.com:8082/mzt/vod/2021/03/06/b0f66e6614e84eba8cf2b1f9adcae7bd/h264_1200k_mp4.mp4
2021-03-07	http://news.gdmztv.com/2021/277765.shtml	http://v8.gdmztv.com:8082/mzt/vod/2021/03/07/7d2a2ec889f44facbe1c3e94ab6b2b36/h264_1200k_mp4.mp4
2021-03-08	http://news.gdmztv.com/2021/277793.shtml	http://v8.gdmztv.com:8082/mzt/vod/2021/03/08/a1e55332d1434649930ec6fae424b643/h264_1200k_mp4.mp4
2021-03-09	http://news.gdmztv.com/2021/277867.shtml	http://v8.gdmztv.com:8082/mzt/vod/2021/03/09/a22bb391165d4f0b85c511de1d92f7b1/h264_1200k_mp4.mp4
2021-03-10	http://news.gdmztv.com/2021/277954.shtml	http://v8.gdmztv.com:8082/mzt/vod/2021/03/10/2acc1e040f294cf789da8f83333002a3/h264_1200k_mp4.mp4
2021-03-11	http://news.gdmztv.com/2021/278011.shtml	http://v8.gdmztv.com:8082/mzt/vod/2021/03/11/5b9ac9c297434d1a8dec55315250bdf5/h264_1200k_mp4.mp4
2021-03-12	http://news.gdmztv.com/2021/278079.shtml	http://v8.gdmztv.com:8082/mzt/vod/2021/03/12/9c12f5d95816425f8bd5db857ae5cc27/h264_1200k_mp4.mp4
2021-03-13	http://news.gdmztv.com/2021/278107.shtml	http://v8.gdmztv.com:8082/mzt/vod/2021/03/13/dcbfbd41600c4761a8773ca0b902bc70/h264_1200k_mp4.mp4
2021-03-14	http://news.gdmztv.com/2021/278136.shtml	http://v8.gdmztv.com:8082/mzt/vod/2021/03/14/7c33eff4b4b8460aaa747df9b7811555/h264_1200k_mp4.mp4
2021-03-15	http://news.gdmztv.com/2021/278199.shtml	http://v8.gdmztv.com:8082/mzt/vod/2021/03/15/8a5df2e9c2f740838169b1bd13fd895e/h264_1200k_mp4.mp4
2021-03-16	http://news.gdmztv.com/2021/278260.shtml	http://v8.gdmztv.com:8082/mzt/vod/2021/03/16/5350b5b3fef348cc9fe49ea089ba789d/h264_1200k_mp4.mp4
2021-03-17	http://news.gdmztv.com/2021/278319.shtml	http://v8.gdmztv.com:8082/mzt/vod/2021/03/17/30c6d45b29174bebb493ff1e334cb5c6/h264_1200k_mp4.mp4
2021-03-18	http://news.gdmztv.com/2021/278373.shtml	http://v8.gdmztv.com:8082/mzt/vod/2021/03/18/4227bedf08dc488ca959def8c01c688e/h264_1200k_mp4.mp4
2021-03-19	http://news.gdmztv.com/2021/278449.shtml	http://v8.gdmztv.com:8082/mzt/vod/2021/03/19/3bbbe26a326445e599971ec7f213a5f8/h264_1200k_mp4.mp4
2021-03-20	http://news.gdmztv.com/2021/278484.shtml	http://v8.gdmztv.com:8082/mzt/vod/2021/03/20/57553317d47249148998480c75ccd322/h264_1200k_mp4.mp4
2021-03-21	http://news.gdmztv.com/2021/278514.shtml	http://v8.gdmztv.com:8082/mzt/vod/2021/03/22/5b06c15ef5ed48b985cb735462bde4cb/h264_1200k_mp4.mp4
2021-03-22	http://news.gdmztv.com/2021/278566.shtml	http://v8.gdmztv.com:8082/mzt/vod/2021/03/22/9b3b992b51af44de8dab4eda43e51ff4/h264_1200k_mp4.mp4
2021-03-23	http://news.gdmztv.com/2021/278646.shtml	http://v8.gdmztv.com:8082/mzt/vod/2021/03/23/122884a8e12541e58e837e46ba5b1e07/h264_1200k_mp4.mp4
2021-03-24	http://news.gdmztv.com/2021/278696.shtml	http://v8.gdmztv.com:8082/mzt/vod/2021/03/24/41637de630c644b88c58c986767d058c/h264_1200k_mp4.mp4
2021-03-25	http://news.gdmztv.com/2021/278774.shtml	http://v8.gdmztv.com:8082/mzt/vod/2021/03/25/ada5142faab44b8fb26b1363982c070c/h264_1200k_mp4.mp4
2021-03-26	http://news.gdmztv.com/2021/278817.shtml	http://v8.gdmztv.com:8082/mzt/vod/2021/03/26/137fd7e07bcb4ef58e6cc027d8f4d151/h264_1200k_mp4.mp4
2021-03-27	http://news.gdmztv.com/2021/278873.shtml	http://v8.gdmztv.com:8082/mzt/vod/2021/03/27/2a09c35114a94e7ebf9bbba2339b5e3d/h264_1200k_mp4.mp4
2021-03-28	http://news.gdmztv.com/2021/278913.shtml	http://v8.gdmztv.com:8082/mzt/vod/2021/03/28/84f5ae138d39473cb190635382e60ddd/h264_1200k_mp4.mp4
2021-03-29	http://news.gdmztv.com/2021/278969.shtml	http://v8.gdmztv.com:8082/mzt/vod/2021/03/29/24cf8455817e4a4ea8d5675282c84da5/h264_1200k_mp4.mp4
2021-03-30	http://news.gdmztv.com/2021/279036.shtml	http://v8.gdmztv.com:8082/mzt/vod/2021/03/30/a17a549dfc0d4929810b706f95843fc3/h264_1200k_mp4.mp4
2021-03-31	http://news.gdmztv.com/2021/279108.shtml	http://v8.gdmztv.com:8082/mzt/vod/2021/03/31/d26b05673c6b4399bf865c20b76878bf/h264_1200k_mp4.mp4
2021-04-01	http://news.gdmztv.com/2021/279161.shtml	http://v8.gdmztv.com:8082/mzt/vod/2021/04/01/e7a9fe11c2c2478eab959159aa095277/h264_1200k_mp4.mp4
2021-04-02	http://news.gdmztv.com/2021/279229.shtml	http://v8.gdmztv.com:8082/mzt/vod/2021/04/02/2f152122770a4ea194171a10d4d7b38f/h264_1200k_mp4.mp4
2021-04-03	http://news.gdmztv.com/2021/279295.shtml	http://v8.gdmztv.com:8082/mzt/vod/2021/04/03/5a41ac236584431ab219fab7ab6858c6/h264_1200k_mp4.mp4
2021-04-04	http://news.gdmztv.com/2021/279324.shtml	http://v8.gdmztv.com:8082/mzt/vod/2021/04/04/672adc4db8d849e9b96601be6e1ae2d9/h264_1200k_mp4.mp4
2021-04-05	http://news.gdmztv.com/2021/279380.shtml	http://v8.gdmztv.com:8082/mzt/vod/2021/04/05/ae1c5d82a6bd4c4bb20541c4f3bba316/h264_1200k_mp4.mp4
2021-04-06	http://news.gdmztv.com/2021/279433.shtml	http://v8.gdmztv.com:8082/mzt/vod/2021/04/06/570b8baf0dba47068b3142eda8621e00/h264_1200k_mp4.mp4
2021-04-07	http://news.gdmztv.com/2021/279498.shtml	http://v8.gdmztv.com:8082/mzt/vod/2021/04/07/9e7df28f3efb4499867b89c1b82ee7b9/h264_1200k_mp4.mp4
2021-04-08	http://news.gdmztv.com/2021/279546.shtml	http://v8.gdmztv.com:8082/mzt/vod/2021/04/08/7aee123c541e48c1915e3d132ae143ff/h264_1200k_mp4.mp4
2021-04-09	http://news.gdmztv.com/2021/279631.shtml	http://v8.gdmztv.com:8082/mzt/vod/2021/04/09/370d12ed978e40f3aee52653b103dc55/h264_1200k_mp4.mp4
2021-04-10	http://news.gdmztv.com/2021/279663.shtml	http://v8.gdmztv.com:8082/mzt/vod/2021/04/10/78812e4c64544bf0ac2ad04444e7e687/h264_1200k_mp4.mp4
2021-04-11	http://news.gdmztv.com/2021/279692.shtml	http://v8.gdmztv.com:8082/mzt/vod/2021/04/11/8708624131544f11a44928684f55912e/h264_1200k_mp4.mp4
2021-04-12	http://news.gdmztv.com/2021/279742.shtml	http://v8.gdmztv.com:8082/mzt/vod/2021/04/12/00b3cbf24e0647d5a652b566f4673fa4/h264_1200k_mp4.mp4
2021-04-13	http://news.gdmztv.com/2021/279812.shtml	http://v8.gdmztv.com:8082/mzt/vod/2021/04/13/4b9172215042415498a4d21c55417e72/h264_1200k_mp4.mp4
2021-04-14	http://news.gdmztv.com/2021/279866.shtml	http://v8.gdmztv.com:8082/mzt/vod/2021/04/14/8fbbfd63770e42b0bf58746ee9f98816/h264_1200k_mp4.mp4
2021-04-15	http://news.gdmztv.com/2021/279945.shtml	http://v8.gdmztv.com:8082/mzt/vod/2021/04/15/db259c655e354dd1974cd1a64b565471/h264_1200k_mp4.mp4
2021-04-16	http://news.gdmztv.com/2021/279987.shtml	http://v8.gdmztv.com:8082/mzt/vod/2021/04/16/e60e0f9c47754a0bb5ee1ecb13305673/h264_1200k_mp4.mp4
2021-04-17	http://news.gdmztv.com/2021/280041.shtml	http://v8.gdmztv.com:8082/mzt/vod/2021/04/17/0df2d94671624a53b286eda03b21fb6c/h264_1200k_mp4.mp4
2021-04-18	http://news.gdmztv.com/2021/280066.shtml	http://v8.gdmztv.com:8082/mzt/vod/2021/04/18/883ca0dc46374a98ab8179aaefe8dda5/h264_1200k_mp4.mp4
2021-04-19	http://news.gdmztv.com/2021/280119.shtml	http://v8.gdmztv.com:8082/mzt/vod/2021/04/19/bc7dc353d5a6420d8d142ac58f53628e/h264_1200k_mp4.mp4
2021-04-20	http://news.gdmztv.com/2021/280199.shtml	http://v8.gdmztv.com:8082/mzt/vod/2021/04/20/08f392cd4f2348c6aa3197edb3fe0fbc/h264_1200k_mp4.mp4
2021-04-21	http://news.gdmztv.com/2021/280235.shtml	http://v8.gdmztv.com:8082/mzt/vod/2021/04/21/1913caa77aba4bb69f0706c9096ea458/h264_1200k_mp4.mp4
2021-04-22	http://news.gdmztv.com/2021/280317.shtml	http://v8.gdmztv.com:8082/mzt/vod/2021/04/22/479e4e162f03475484de29060c5cfdcc/h264_1200k_mp4.mp4
2021-04-23	http://news.gdmztv.com/2021/280387.shtml	http://v8.gdmztv.com:8082/mzt/vod/2021/04/23/fa7e4553497a4dc2809c29030305a43b/h264_1200k_mp4.mp4
2021-04-24	http://news.gdmztv.com/2021/280428.shtml	http://v8.gdmztv.com:8082/mzt/vod/2021/04/24/3517667e8c4b404bbb03fd1557ddf6c3/h264_1200k_mp4.mp4
2021-04-25	http://news.gdmztv.com/2021/280472.shtml	http://v8.gdmztv.com:8082/mzt/vod/2021/04/25/f0839f1e83074b3980a01383451d03ba/h264_1200k_mp4.mp4
2021-04-26	http://news.gdmztv.com/2021/280537.shtml	http://v8.gdmztv.com:8082/mzt/vod/2021/04/26/a2dc3971d2b24bdcaa0e280682e4d6d8/h264_1200k_mp4.mp4
2021-04-27	http://news.gdmztv.com/2021/280557.shtml	http://v8.gdmztv.com:8082/mzt/vod/2021/04/27/d521765d089a49ae8ed9848e1af406c5/h264_1200k_mp4.mp4
2021-04-28	http://news.gdmztv.com/2021/280645.shtml	http://v8.gdmztv.com:8082/mzt/vod/2021/04/28/2c05e59922734176befd28d635ff15e3/h264_1200k_mp4.mp4
2021-04-29	http://news.gdmztv.com/2021/280723.shtml	http://v8.gdmztv.com:8082/mzt/vod/2021/04/29/ad047e9ef593474094515d3b4d8e1ab4/h264_1200k_mp4.mp4
2021-04-30	http://news.gdmztv.com/2021/280820.shtml	http://v8.gdmztv.com:8082/mzt/vod/2021/04/30/c843faaf146a4de2b4f18357826662b4/h264_1200k_mp4.mp4
2021-05-01	http://news.gdmztv.com/2021/280887.shtml	http://v8.gdmztv.com:8082/mzt/vod/2021/05/01/0248c530213c4c4a9f6185faa65cb785/h264_1200k_mp4.mp4
2021-05-02	http://news.gdmztv.com/2021/280916.shtml	http://v8.gdmztv.com:8082/mzt/vod/2021/05/02/34078d6a4c54425c932017d294f7073e/h264_1200k_mp4.mp4
2021-05-03	http://news.gdmztv.com/2021/280953.shtml	http://v8.gdmztv.com:8082/mzt/vod/2021/05/03/619ac03d56f64abda27e0d14df5d7110/h264_1200k_mp4.mp4
2021-05-04	http://news.gdmztv.com/2021/281007.shtml	http://v8.gdmztv.com:8082/mzt/vod/2021/05/04/4b88993a3aab4283a3e444be65f75055/h264_1200k_mp4.mp4
2021-05-05	http://news.gdmztv.com/2021/281049.shtml	http://v8.gdmztv.com:8082/mzt/vod/2021/05/05/9cd006f1f0254edb83f4976f5cc1bcf0/h264_1200k_mp4.mp4
2021-05-06	http://news.gdmztv.com/2021/281116.shtml	http://v8.gdmztv.com:8082/mzt/vod/2021/05/06/84afb4f3fc5c45e785f6510bfc1b29bf/h264_1200k_mp4.mp4
2021-05-07	http://news.gdmztv.com/2021/281184.shtml	http://v8.gdmztv.com:8082/mzt/vod/2021/05/07/5739a69d7ddf4cf0bab57fff4f3126c4/h264_1200k_mp4.mp4
2021-05-08	http://news.gdmztv.com/2021/281240.shtml	http://v8.gdmztv.com:8082/mzt/vod/2021/05/08/fb3f4b68c3f2472cbb6e514c6bd62c97/h264_1200k_mp4.mp4
2021-05-09	http://news.gdmztv.com/2021/281258.shtml	http://v8.gdmztv.com:8082/mzt/vod/2021/05/09/b77ad42a5ac74271bdcef2b1d97c4d12/h264_1200k_mp4.mp4
2021-05-10	http://news.gdmztv.com/2021/281337.shtml	http://v8.gdmztv.com:8082/mzt/vod/2021/05/10/956234750d8648b590fdd310955ec424/h264_1200k_mp4.mp4
2021-05-11	http://news.gdmztv.com/2021/281410.shtml	http://v8.gdmztv.com:8082/mzt/vod/2021/05/11/d5370108407f4adab85033f9d4371d01/h264_1200k_mp4.mp4
2021-05-12	http://news.gdmztv.com/2021/281480.shtml	http://v8.gdmztv.com:8082/mzt/vod/2021/05/12/251d4791583f4f0483bd21117221651d/h264_1200k_mp4.mp4
2021-05-13	http://news.gdmztv.com/2021/281541.shtml	http://v8.gdmztv.com:8082/mzt/vod/2021/05/13/646123f49a7c4897baf9e7f7ad7d0f4d/h264_1200k_mp4.mp4
2021-05-14	http://news.gdmztv.com/2021/281610.shtml	http://v8.gdmztv.com:8082/mzt/vod/2021/05/14/5c4138764c2849bb8e2e750de59da8b5/h264_1200k_mp4.mp4
2021-05-15	http://news.gdmztv.com/2021/281659.shtml	http://v8.gdmztv.com:8082/mzt/vod/2021/05/15/ed872baea73b4a4cb7190b103741f6e5/h264_1200k_mp4.mp4
2021-05-16	http://news.gdmztv.com/2021/281682.shtml	http://v8.gdmztv.com:8082/mzt/vod/2021/05/16/96eee07dc0834910ab7d3271686d34ee/h264_1200k_mp4.mp4
2021-05-17	http://news.gdmztv.com/2021/281760.shtml	http://v8.gdmztv.com:8082/mzt/vod/2021/05/17/58cac9a1dc9e4da39fb3622eff13f8c9/h264_1200k_mp4.mp4
2021-05-18	http://news.gdmztv.com/2021/281821.shtml	http://v8.gdmztv.com:8082/mzt/vod/2021/05/18/5da7fda04dca4646b571c610d9086514/h264_1200k_mp4.mp4
2021-05-19	http://news.gdmztv.com/2021/281883.shtml	http://v8.gdmztv.com:8082/mzt/vod/2021/05/19/5b02f15c088c4fa48cd91fa78eeab3a2/h264_1200k_mp4.mp4
2021-05-20	http://news.gdmztv.com/2021/281966.shtml	http://v8.gdmztv.com:8082/mzt/vod/2021/05/20/8d68334462bb444797cea940265c56a9/h264_1200k_mp4.mp4
2021-05-21	http://news.gdmztv.com/2021/282035.shtml	http://v8.gdmztv.com:8082/mzt/vod/2021/05/21/e58c5457d2344176b595e7619c33656d/h264_1200k_mp4.mp4
2021-05-22	http://news.gdmztv.com/2021/282073.shtml	http://v8.gdmztv.com:8082/mzt/vod/2021/05/22/5b51471666bb475d85e89f324bc08a90/h264_1200k_mp4.mp4
2021-05-23	http://news.gdmztv.com/2021/282118.shtml	http://v8.gdmztv.com:8082/mzt/vod/2021/05/23/188bdb42b47b4aba8409c794c55b20b2/h264_1200k_mp4.mp4
2021-05-24	http://news.gdmztv.com/2021/282172.shtml	http://v8.gdmztv.com:8082/mzt/vod/2021/05/24/a45a674c96d7445b89939ea40adde74a/h264_1200k_mp4.mp4
2021-05-25	http://news.gdmztv.com/2021/282206.shtml	http://v8.gdmztv.com:8082/mzt/vod/2021/05/25/a4287660b5e344bdaffd9d9fe4a61f0c/h264_1200k_mp4.mp4
2021-05-26	http://news.gdmztv.com/2021/282280.shtml	http://v8.gdmztv.com:8082/mzt/vod/2021/05/26/c23ac7a1937d44aab8fdf2727f85ff4b/h264_1200k_mp4.mp4
2021-05-27	http://news.gdmztv.com/2021/282377.shtml	http://v8.gdmztv.com:8082/mzt/vod/2021/05/27/9d2a5dd233f743a7b968849c188e6931/h264_1200k_mp4.mp4
2021-05-28	http://news.gdmztv.com/2021/282439.shtml	http://v8.gdmztv.com:8082/mzt/vod/2021/05/28/b8fd591d59814ac187117952f68e5069/h264_1200k_mp4.mp4
2021-05-29	http://news.gdmztv.com/2021/282489.shtml	http://v8.gdmztv.com:8082/mzt/vod/2021/05/29/95671f391ae54088815721180464700a/h264_1200k_mp4.mp4
2021-05-30	http://news.gdmztv.com/2021/282522.shtml	http://v8.gdmztv.com:8082/mzt/vod/2021/05/30/a9e84b9df4d74ced97db94f5ab759502/h264_1200k_mp4.mp4
2021-05-31	http://news.gdmztv.com/2021/282579.shtml	http://v8.gdmztv.com:8082/mzt/vod/2021/05/31/2f1f24e90691452284d685b8bd746e18/h264_1200k_mp4.mp4
2021-06-01	http://news.gdmztv.com/2021/282643.shtml	http://v8.gdmztv.com:8082/mzt/vod/2021/06/01/ece16423f89147c98f63610546114b91/h264_1200k_mp4.mp4
2021-06-02	http://news.gdmztv.com/2021/282706.shtml	http://v8.gdmztv.com:8082/mzt/vod/2021/06/03/035648eda76c4930b2040620b03f393e/h264_1200k_mp4.mp4
2021-06-03	http://news.gdmztv.com/2021/282745.shtml	http://v8.gdmztv.com:8082/mzt/vod/2021/06/03/210a3ad4796042ff9b06b9d362c9edfc/h264_1200k_mp4.mp4
2021-06-04	http://news.gdmztv.com/2021/282794.shtml	http://v8.gdmztv.com:8082/mzt/vod/2021/06/04/57e5de29e34f4bbfa0688a3e15021786/h264_1200k_mp4.mp4
2021-06-05	http://news.gdmztv.com/2021/282825.shtml	http://v8.gdmztv.com:8082/mzt/vod/2021/06/05/074f0dec8be4451fb2fa60d4d9cb65a9/h264_1200k_mp4.mp4
2021-06-06	http://news.gdmztv.com/2021/282846.shtml	http://v8.gdmztv.com:8082/mzt/vod/2021/06/06/2dc2560cc58c4c89a833e36ca6bc1d38/h264_1200k_mp4.mp4
2021-06-07	http://news.gdmztv.com/2021/282910.shtml	http://v8.gdmztv.com:8082/mzt/vod/2021/06/07/80160fe17044407ea50afa84e263ba6d/h264_1200k_mp4.mp4
2021-06-08	http://news.gdmztv.com/2021/283258.shtml	http://v8.gdmztv.com:8082/mzt/vod/2021/06/08/64ff903f6ea74f96bca5ef8e7f396cb0/h264_1200k_mp4.mp4
2021-06-09	http://news.gdmztv.com/2021/283340.shtml	http://v8.gdmztv.com:8082/mzt/vod/2021/06/09/d0ccc5f1c5b844cab226cf01a43ee547/h264_1200k_mp4.mp4
2021-06-10	http://news.gdmztv.com/2021/283403.shtml	http://v8.gdmztv.com:8082/mzt/vod/2021/06/10/0489d471c41a4e52a9b1842380612fa3/h264_1200k_mp4.mp4
2021-06-11	http://news.gdmztv.com/2021/283453.shtml	http://v8.gdmztv.com:8082/mzt/vod/2021/06/11/5c520e01bf5f435c86a6e6e5beae10ee/h264_1200k_mp4.mp4
2021-06-12	http://news.gdmztv.com/2021/283513.shtml	http://v8.gdmztv.com:8082/mzt/vod/2021/06/12/9832d6575013457d9c7b02f2beb537d1/h264_1200k_mp4.mp4
2021-06-13	http://news.gdmztv.com/2021/283533.shtml	http://v8.gdmztv.com:8082/mzt/vod/2021/06/13/296987d0561c48d6bceb7bc22522b1d4/h264_1200k_mp4.mp4
2021-06-14	http://news.gdmztv.com/2021/283596.shtml	http://v8.gdmztv.com:8082/mzt/vod/2021/06/14/4e7002e0efc14d6985edd36d1a46a929/h264_1200k_mp4.mp4
2021-06-15	http://news.gdmztv.com/2021/283659.shtml	http://v8.gdmztv.com:8082/mzt/vod/2021/06/15/1678591edfb0460db8cfdd522e904e1a/h264_1200k_mp4.mp4
2021-06-16	http://news.gdmztv.com/2021/283707.shtml	http://v8.gdmztv.com:8082/mzt/vod/2021/06/16/8b128d34f57145f299014d086dae16cc/h264_1200k_mp4.mp4
2021-06-17	http://news.gdmztv.com/2021/283798.shtml	http://v8.gdmztv.com:8082/mzt/vod/2021/06/17/e928f44b18f54536a3cb423cacf5ddba/h264_1200k_mp4.mp4
2021-06-18	http://news.gdmztv.com/2021/283884.shtml	http://v8.gdmztv.com:8082/mzt/vod/2021/06/18/432ecdc9078645279af0881f78166b2d/h264_1200k_mp4.mp4
2021-06-19	http://news.gdmztv.com/2021/283913.shtml	http://v8.gdmztv.com:8082/mzt/vod/2021/06/19/293e3061c0b348948bda006b5933c522/h264_1200k_mp4.mp4
2021-06-20	http://news.gdmztv.com/2021/283940.shtml	http://v8.gdmztv.com:8082/mzt/vod/2021/06/20/9d48db51edbd40a7a15fbfaf68869337/h264_1200k_mp4.mp4
2021-06-21	http://news.gdmztv.com/2021/284010.shtml	http://v8.gdmztv.com:8082/mzt/vod/2021/06/21/216cd905f1f642e3a7966c912c1d0480/h264_1200k_mp4.mp4
2021-06-22	http://news.gdmztv.com/2021/284084.shtml	http://v8.gdmztv.com:8082/mzt/vod/2021/06/22/da96c2a6e0994f1eb51db0394bd396e1/h264_1200k_mp4.mp4
2021-06-23	http://news.gdmztv.com/2021/284151.shtml	http://v8.gdmztv.com:8082/mzt/vod/2021/06/23/02d1062b9dc14e16bba60a4857e80c42/h264_1200k_mp4.mp4
2021-06-24	http://news.gdmztv.com/2021/284224.shtml	http://v8.gdmztv.com:8082/mzt/vod/2021/06/25/908f9ca2464d4da6a0176faba38c4e45/h264_1200k_mp4.mp4
2021-06-25	http://news.gdmztv.com/2021/284282.shtml	http://v8.gdmztv.com:8082/mzt/vod/2021/06/25/489e29cbca394105b28d446511aabbb7/h264_1200k_mp4.mp4
2021-06-26	http://news.gdmztv.com/2021/284349.shtml	http://v8.gdmztv.com:8082/mzt/vod/2021/06/26/48b94d65da8343df93369533841a62db/h264_1200k_mp4.mp4
2021-06-28	http://news.gdmztv.com/2021/284437.shtml	http://v8.gdmztv.com:8082/mzt/vod/2021/06/28/8e0bef1dea2f458f8e3c27a4b2148209/h264_1200k_mp4.mp4
2021-06-29	http://news.gdmztv.com/2021/284520.shtml	http://v8.gdmztv.com:8082/mzt/vod/2021/06/29/7d439d04d6494bc59979c87eb345e3c8/h264_1200k_mp4.mp4
2021-06-30	http://news.gdmztv.com/2021/284586.shtml	http://v8.gdmztv.com:8082/mzt/vod/2021/06/30/ced9b0183b7b49a4aa57faadbd2ace43/h264_1200k_mp4.mp4
2021-07-01	http://news.gdmztv.com/2021/284652.shtml	http://v8.gdmztv.com:8082/mzt/vod/2021/07/01/d80324c4f03c46a7af266f790fccbe23/h264_1200k_mp4.mp4
2021-07-02	http://news.gdmztv.com/2021/284731.shtml	http://v8.gdmztv.com:8082/mzt/vod/2021/07/02/ac1deafa50e34096928a2e839607dab0/h264_1200k_mp4.mp4
2021-07-03	http://news.gdmztv.com/2021/284775.shtml	http://v8.gdmztv.com:8082/mzt/vod/2021/07/03/bb55bbeb45ef45819645a1ffd7861bc2/h264_1200k_mp4.mp4
2021-07-04	http://news.gdmztv.com/2021/284805.shtml	http://v8.gdmztv.com:8082/mzt/vod/2021/07/04/bd57e3a50bf94f999f7ec5885921dfb1/h264_1200k_mp4.mp4
2021-07-05	http://news.gdmztv.com/2021/284864.shtml	http://v8.gdmztv.com:8082/mzt/vod/2021/07/05/56964334a7d34957b4208bc5e002adb3/h264_1200k_mp4.mp4
2021-07-06	http://news.gdmztv.com/2021/284930.shtml	http://v8.gdmztv.com:8082/mzt/vod/2021/07/06/9ff10b9021d54aed89aab7255ec0527c/h264_1200k_mp4.mp4
2021-07-07	http://news.gdmztv.com/2021/285007.shtml	http://v8.gdmztv.com:8082/mzt/vod/2021/07/07/7dfd731e8dd84089aa89167ddb771bb1/h264_1200k_mp4.mp4
2021-07-08	http://news.gdmztv.com/2021/285065.shtml	http://v8.gdmztv.com:8082/mzt/vod/2021/07/08/eaff5486aedf45dbb2087beceb75e8e4/h264_1200k_mp4.mp4
2021-07-09	http://news.gdmztv.com/2021/285116.shtml	http://v8.gdmztv.com:8082/mzt/vod/2021/07/09/6077bafc92454e6e987077ba8e4230f2/h264_1200k_mp4.mp4
2021-07-10	http://news.gdmztv.com/2021/285168.shtml	http://v8.gdmztv.com:8082/mzt/vod/2021/07/10/82a2fbf7f450475dba0ec44e508957cd/h264_1200k_mp4.mp4
2021-07-11	http://news.gdmztv.com/2021/285209.shtml	http://v8.gdmztv.com:8082/mzt/vod/2021/07/11/c6b296010df641b6a0735802c87e4f3c/h264_1200k_mp4.mp4
2021-07-12	http://news.gdmztv.com/2021/285268.shtml	http://v8.gdmztv.com:8082/mzt/vod/2021/07/12/ac3a211b1f6a40c19d5aa4b851641e4a/h264_1200k_mp4.mp4
2021-07-13	http://news.gdmztv.com/2021/285353.shtml	http://v8.gdmztv.com:8082/mzt/vod/2021/07/13/375bd3cd4a3b4dec8d6fcd06dfe196e8/h264_1200k_mp4.mp4
2021-07-14	http://news.gdmztv.com/2021/285401.shtml	http://v8.gdmztv.com:8082/mzt/vod/2021/07/14/e10b540df63f40fbb1cfcd133b1ecd05/h264_1200k_mp4.mp4
2021-07-15	http://news.gdmztv.com/2021/285452.shtml	http://v8.gdmztv.com:8082/mzt/vod/2021/07/15/361d4d97f3724c1a9cec9d32f4975d85/h264_1200k_mp4.mp4
2021-07-16	http://news.gdmztv.com/2021/285560.shtml	http://v8.gdmztv.com:8082/mzt/vod/2021/07/16/21addedcc9ce403b835a9242758a75e0/h264_1200k_mp4.mp4
2021-07-17	http://news.gdmztv.com/2021/285595.shtml	http://v8.gdmztv.com:8082/mzt/vod/2021/07/17/8e779f2df8ab46e2a162e195083b1998/h264_1200k_mp4.mp4
2021-07-18	http://news.gdmztv.com/2021/285627.shtml	http://v8.gdmztv.com:8082/mzt/vod/2021/07/18/df50adb8c4c24dd0a4f914da710d21aa/h264_1200k_mp4.mp4
2021-07-19	http://news.gdmztv.com/2021/285682.shtml	http://v8.gdmztv.com:8082/mzt/vod/2021/07/19/63d397903efb40abbe764b6e2cd06c9b/h264_1200k_mp4.mp4
2021-07-20	http://news.gdmztv.com/2021/285745.shtml	http://v8.gdmztv.com:8082/mzt/vod/2021/07/20/5276561c42b74d7f9dd02b851b0cf0c6/h264_1200k_mp4.mp4
2021-07-21	http://news.gdmztv.com/2021/285828.shtml	http://v8.gdmztv.com:8082/mzt/vod/2021/07/21/aad52884972348b79ce5cadc8addd916/h264_1200k_mp4.mp4
2021-07-22	http://news.gdmztv.com/2021/286066.shtml	http://v8.gdmztv.com:8082/mzt/vod/2021/07/22/b4f6a09e4c99437898e03148b73a6ed8/h264_1200k_mp4.mp4
2021-07-23	http://news.gdmztv.com/2021/286125.shtml	http://v8.gdmztv.com:8082/mzt/vod/2021/07/23/e055234d81474a9187bbf39d4186118d/h264_1200k_mp4.mp4
2021-07-24	http://news.gdmztv.com/2021/286168.shtml	http://v8.gdmztv.com:8082/mzt/vod/2021/07/24/cddced491bd449979f1d6588607c7e20/h264_1200k_mp4.mp4
2021-07-25	http://news.gdmztv.com/2021/286211.shtml	http://v8.gdmztv.com:8082/mzt/vod/2021/07/25/6efeb5b354ac4673ae44affd096b8793/h264_1200k_mp4.mp4
2021-07-26	http://news.gdmztv.com/2021/286265.shtml	http://v8.gdmztv.com:8082/mzt/vod/2021/07/26/23ed89885a304de482c7ee2281538253/h264_1200k_mp4.mp4
2021-07-27	http://news.gdmztv.com/2021/286342.shtml	http://v8.gdmztv.com:8082/mzt/vod/2021/07/27/4732295119664cdba2ee39db1914953e/h264_1200k_mp4.mp4
2021-07-28	http://news.gdmztv.com/2021/286402.shtml	http://v8.gdmztv.com:8082/mzt/vod/2021/07/28/92857705afc444c3b2d757e501d5e7d7/h264_1200k_mp4.mp4
2021-07-29	http://news.gdmztv.com/2021/286464.shtml	http://v8.gdmztv.com:8082/mzt/vod/2021/07/29/0a22a882a313412a843812fa5c7cbb54/h264_1200k_mp4.mp4
2021-07-30	http://news.gdmztv.com/2021/286526.shtml	http://v8.gdmztv.com:8082/mzt/vod/2021/07/30/5adb0321e47248cfa91e878142047182/h264_1200k_mp4.mp4
2021-07-31	http://news.gdmztv.com/2021/286560.shtml	http://v8.gdmztv.com:8082/mzt/vod/2021/07/31/c273cee1b9394daa92e72fe48b7e0644/h264_1200k_mp4.mp4
2021-08-01	http://news.gdmztv.com/2021/286582.shtml	http://v8.gdmztv.com:8082/mzt/vod/2021/08/01/b334464b5b824fe792f658f1d5cca041/h264_1200k_mp4.mp4
2021-08-02	http://news.gdmztv.com/2021/286655.shtml	http://v8.gdmztv.com:8082/mzt/vod/2021/08/02/35634536db4b474f9837527e74544f95/h264_1200k_mp4.mp4
2021-08-03	http://news.gdmztv.com/2021/286760.shtml	http://v8.gdmztv.com:8082/mzt/vod/2021/08/03/2cd6fcdc841b480bb48f5f26b27d4a44/h264_1200k_mp4.mp4
2021-08-04	http://news.gdmztv.com/2021/286833.shtml	http://v8.gdmztv.com:8082/mzt/vod/2021/08/04/8a0c6bb706f247648fec0a65b027d264/h264_1200k_mp4.mp4
2021-08-05	http://news.gdmztv.com/2021/286883.shtml	http://v8.gdmztv.com:8082/mzt/vod/2021/08/05/ee42669d2c99450aa473e59e9a95ca30/h264_1200k_mp4.mp4
2021-08-06	http://news.gdmztv.com/2021/286950.shtml	http://v8.gdmztv.com:8082/mzt/vod/2021/08/06/2148a2ce928449f89f1d9dcd1c38c012/h264_1200k_mp4.mp4
2021-08-07	http://news.gdmztv.com/2021/287014.shtml	http://v8.gdmztv.com:8082/mzt/vod/2021/08/07/154d2891447c43f3b33640f8485abbe3/h264_1200k_mp4.mp4
2021-08-08	http://news.gdmztv.com/2021/287048.shtml	http://v8.gdmztv.com:8082/mzt/vod/2021/08/08/a36756d4e8f24b40bfad9936683eafb6/h264_1200k_mp4.mp4
2021-08-09	http://news.gdmztv.com/2021/287130.shtml	http://v8.gdmztv.com:8082/mzt/vod/2021/08/09/c56d8187a6b54d309173cb7bcc0dbd79/h264_1200k_mp4.mp4
2021-08-10	http://news.gdmztv.com/2021/287179.shtml	http://v8.gdmztv.com:8082/mzt/vod/2021/08/10/aa63c67d84d241cea4e5241ff254df9b/h264_1200k_mp4.mp4
2021-08-11	http://news.gdmztv.com/2021/287244.shtml	http://v8.gdmztv.com:8082/mzt/vod/2021/08/11/c96bb64abe434f9cb5beac7599c0918f/h264_1200k_mp4.mp4
2021-08-12	http://news.gdmztv.com/2021/287307.shtml	http://v8.gdmztv.com:8082/mzt/vod/2021/08/13/08f45039c5564c06bfff0ddb66b56290/h264_1200k_mp4.mp4
2021-08-13	http://news.gdmztv.com/2021/287379.shtml	http://v8.gdmztv.com:8082/mzt/vod/2021/08/13/e4aeccb7b9ea453a8ecb3eb64def032d/h264_1200k_mp4.mp4
2021-08-14	http://news.gdmztv.com/2021/287411.shtml	http://v8.gdmztv.com:8082/mzt/vod/2021/08/14/b31cc9065e234a6d95220a967f001d03/h264_1200k_mp4.mp4
2021-08-16	http://news.gdmztv.com/2021/287513.shtml	http://v8.gdmztv.com:8082/mzt/vod/2021/08/16/ee8f7801b6804d7fababec50c956a06c/h264_1200k_mp4.mp4
2021-08-17	http://news.gdmztv.com/2021/287586.shtml	http://v8.gdmztv.com:8082/mzt/vod/2021/08/18/28db3818211a4715ae09b3f47eae535e/h264_1200k_mp4.mp4
2021-08-18	http://news.gdmztv.com/2021/287633.shtml	http://v8.gdmztv.com:8082/mzt/vod/2021/08/18/03007547a23c4ef09025062a150cd5d8/h264_1200k_mp4.mp4
2021-08-19	http://news.gdmztv.com/2021/287706.shtml	http://v8.gdmztv.com:8082/mzt/vod/2021/08/19/663c5902ab3242bc90b7701cc2d6f4ed/h264_1200k_mp4.mp4
2021-08-20	http://news.gdmztv.com/2021/287781.shtml	http://v8.gdmztv.com:8082/mzt/vod/2021/08/20/420edf09df0646e18f137e447ca52107/h264_1200k_mp4.mp4
2021-08-21	http://news.gdmztv.com/2021/287822.shtml	http://v8.gdmztv.com:8082/mzt/vod/2021/08/21/8db49f8be635464b82b1e1067cc2a566/h264_1200k_mp4.mp4
2021-08-22	http://news.gdmztv.com/2021/287852.shtml	http://v8.gdmztv.com:8082/mzt/vod/2021/08/22/34f182598ed54701aefe79444397d073/h264_1200k_mp4.mp4
2021-08-23	http://news.gdmztv.com/2021/287897.shtml	http://v8.gdmztv.com:8082/mzt/vod/2021/08/23/3c4c001c331045d1868ffd6bb90ed58b/h264_1200k_mp4.mp4
2021-08-24	http://news.gdmztv.com/2021/288010.shtml	http://v8.gdmztv.com:8082/mzt/vod/2021/08/24/cf68d2c0fc1e4734b5a3c478c7f5a151/h264_1200k_mp4.mp4
2021-08-25	http://news.gdmztv.com/2021/288073.shtml	http://v8.gdmztv.com:8082/mzt/vod/2021/08/25/b78f669808004044b68194d11157ac36/h264_1200k_mp4.mp4
2021-08-26	http://news.gdmztv.com/2021/288137.shtml	http://v8.gdmztv.com:8082/mzt/vod/2021/08/26/98745c5c472a444c8927d4882cb552c2/h264_1200k_mp4.mp4
2021-08-27	http://news.gdmztv.com/2021/288203.shtml	http://v8.gdmztv.com:8082/mzt/vod/2021/08/27/de2a4972962745fa866a688f83fc1625/h264_1200k_mp4.mp4
2021-08-28	http://news.gdmztv.com/2021/288246.shtml	http://v8.gdmztv.com:8082/mzt/vod/2021/08/28/dfbd15ed259741a49783322de6a3f1e5/h264_1200k_mp4.mp4
2021-08-29	http://news.gdmztv.com/2021/288287.shtml	http://v8.gdmztv.com:8082/mzt/vod/2021/08/29/3c1b174729b64adeaa9997bffd866aaf/h264_1200k_mp4.mp4
2021-08-30	http://news.gdmztv.com/2021/288355.shtml	http://v8.gdmztv.com:8082/mzt/vod/2021/08/30/840d43718def46a09b9d1c5b21eb6e53/h264_1200k_mp4.mp4
2021-08-31	http://news.gdmztv.com/2021/288434.shtml	http://v8.gdmztv.com:8082/mzt/vod/2021/08/31/d22b8c18ccbb4374bb04e94db5f9ac0d/h264_1200k_mp4.mp4
2021-09-01	http://news.gdmztv.com/2021/288486.shtml	http://v8.gdmztv.com:8082/mzt/vod/2021/09/01/960dcc12c32349caa63a3d6b8a776947/h264_1200k_mp4.mp4
2021-09-02	http://news.gdmztv.com/2021/288566.shtml	http://v8.gdmztv.com:8082/mzt/vod/2021/09/02/dacbb9c91dc14d5d8f07d54f1122ce99/h264_1200k_mp4.mp4
2021-09-03	http://news.gdmztv.com/2021/288608.shtml	http://v8.gdmztv.com:8082/mzt/vod/2021/09/03/86cdf34237694d829f79b114f165eed3/h264_1200k_mp4.mp4
2021-09-04	http://news.gdmztv.com/2021/288670.shtml	http://v8.gdmztv.com:8082/mzt/vod/2021/09/04/e2c03d2adfa547c0af1e18d2ea5ad18e/h264_1200k_mp4.mp4
2021-09-05	http://news.gdmztv.com/2021/288689.shtml	http://v8.gdmztv.com:8082/mzt/vod/2021/09/05/cfb47652986b4bafad26baca0d9a4267/h264_1200k_mp4.mp4
2021-09-06	http://news.gdmztv.com/2021/288918.shtml	http://v8.gdmztv.com:8082/mzt/vod/2021/09/09/9d0308f57d3d4934a8d9c2a96af10040/h264_1200k_mp4.mp4
2021-09-07	http://news.gdmztv.com/2021/288836.shtml	http://v8.gdmztv.com:8082/mzt/vod/2021/09/07/76cce0d56e18418a93a526f4dc91a782/h264_1200k_mp4.mp4
2021-09-08	http://news.gdmztv.com/2021/288898.shtml	http://v8.gdmztv.com:8082/mzt/vod/2021/09/09/9d0308f57d3d4934a8d9c2a96af10040/h264_1200k_mp4.mp4
2021-09-09	http://news.gdmztv.com/2021/288957.shtml	http://v8.gdmztv.com:8082/mzt/vod/2021/09/09/d6669bff6ccd4993a7d6823941b876b4/h264_1200k_mp4.mp4
2021-09-10	http://news.gdmztv.com/2021/289054.shtml	http://v8.gdmztv.com:8082/mzt/vod/2021/09/10/f4d076f19938451f8114c5884aee9012/h264_1200k_mp4.mp4
2021-09-11	http://news.gdmztv.com/2021/289089.shtml	http://v8.gdmztv.com:8082/mzt/vod/2021/09/11/6aa13ccdebc34209bedfaefe3926c394/h264_1200k_mp4.mp4
2021-09-12	http://news.gdmztv.com/2021/289107.shtml	http://v8.gdmztv.com:8082/mzt/vod/2021/09/12/12ba30767cf84d6289a5db647ee0453b/h264_1200k_mp4.mp4
2021-09-13	http://news.gdmztv.com/2021/289191.shtml	http://v8.gdmztv.com:8082/mzt/vod/2021/09/13/12844765c0244b40b976a0041b24adef/h264_1200k_mp4.mp4
2021-09-14	http://news.gdmztv.com/2021/289261.shtml	http://v8.gdmztv.com:8082/mzt/vod/2021/09/14/43ad8bd1785b4fd19dbf106a96c5d94c/h264_1200k_mp4.mp4
2021-09-16	http://news.gdmztv.com/2021/289392.shtml	http://v8.gdmztv.com:8082/mzt/vod/2021/09/16/0806f0e2983c430eab2f33b3c612205b/h264_1200k_mp4.mp4
2021-09-17	http://news.gdmztv.com/2021/289453.shtml	http://v8.gdmztv.com:8082/mzt/vod/2021/09/17/744d14d2f63f4a44b7ce4e21862a6713/h264_1200k_mp4.mp4
2021-09-18	http://news.gdmztv.com/2021/289519.shtml	http://v8.gdmztv.com:8082/mzt/vod/2021/09/18/109a262da80940fbb09f2e3d2c2021b6/h264_1200k_mp4.mp4
2021-09-19	http://news.gdmztv.com/2021/289568.shtml	http://v8.gdmztv.com:8082/mzt/vod/2021/09/19/9b86d98f9d09445abe856c1de76e5f79/h264_1200k_mp4.mp4
2021-09-20	http://news.gdmztv.com/2021/289635.shtml	http://v8.gdmztv.com:8082/mzt/vod/2021/09/20/268cab80afe447f9a3f0009c129258f7/h264_1200k_mp4.mp4
2021-09-21	http://news.gdmztv.com/2021/289678.shtml	http://v8.gdmztv.com:8082/mzt/vod/2021/09/21/ab79752efbdc49b4855738c091f96c12/h264_1200k_mp4.mp4
2021-09-22	http://news.gdmztv.com/2021/289738.shtml	http://v8.gdmztv.com:8082/mzt/vod/2021/09/22/b2d5e83ec20a45be812d8025cf963d15/h264_1200k_mp4.mp4
2021-09-23	http://news.gdmztv.com/2021/289815.shtml	http://v8.gdmztv.com:8082/mzt/vod/2021/09/23/b8d0658324b84f2cbb20ab0628e2b72d/h264_1200k_mp4.mp4
2021-09-24	http://news.gdmztv.com/2021/289887.shtml	http://v8.gdmztv.com:8082/mzt/vod/2021/09/24/325d7974f9274990ae37001391d2ac53/h264_1200k_mp4.mp4
2021-09-25	http://news.gdmztv.com/2021/289926.shtml	http://v8.gdmztv.com:8082/mzt/vod/2021/09/25/53f823103e0748c6902b175700e1cf30/h264_1200k_mp4.mp4
2021-09-26	http://news.gdmztv.com/2021/289937.shtml	http://v8.gdmztv.com:8082/mzt/vod/2021/09/26/e4f25371d1674460a682e49c1ecc3d06/h264_1200k_mp4.mp4
2021-09-27	http://news.gdmztv.com/2021/290028.shtml	http://v8.gdmztv.com:8082/mzt/vod/2021/09/27/4ab0abf6b0a14fd9bd84e033225275dd/h264_1200k_mp4.mp4
2021-09-28	http://news.gdmztv.com/2021/290079.shtml	http://v8.gdmztv.com:8082/mzt/vod/2021/09/28/2efadc3a95c341a1b1e1224d19f51731/h264_1200k_mp4.mp4
2021-09-29	http://news.gdmztv.com/2021/290163.shtml	http://v8.gdmztv.com:8082/mzt/vod/2021/09/29/5eaf1017a27a4081b2de933963f56ca6/h264_1200k_mp4.mp4
2021-09-30	http://news.gdmztv.com/2021/290241.shtml	http://v8.gdmztv.com:8082/mzt/vod/2021/09/30/46003511fcb84a46afba0493b7ea5f58/h264_1200k_mp4.mp4
2021-10-01	http://news.gdmztv.com/2021/290295.shtml	http://v8.gdmztv.com:8082/mzt/vod/2021/10/01/6c9b25b173ae4d57bfafb4c9a8d76902/h264_1200k_mp4.mp4
2021-10-02	http://news.gdmztv.com/2021/290337.shtml	http://v8.gdmztv.com:8082/mzt/vod/2021/10/02/82e534f664ca4f7a9f3326933093ecc4/h264_1200k_mp4.mp4
2021-10-04	http://news.gdmztv.com/2021/290423.shtml	http://v8.gdmztv.com:8082/mzt/vod/2021/10/04/57659c8f15294103b12a0a94ad62c68b/h264_1200k_mp4.mp4
2021-10-05	http://news.gdmztv.com/2021/290471.shtml	http://v8.gdmztv.com:8082/mzt/vod/2021/10/05/60a6a1f43f224a52a653a44ea3332b73/h264_1200k_mp4.mp4
2021-10-06	http://news.gdmztv.com/2021/290527.shtml	http://v8.gdmztv.com:8082/mzt/vod/2021/10/06/69e9e582c41049f2a6f5e29be156ff5c/h264_1200k_mp4.mp4
2021-10-03	http://news.gdmztv.com/2021/290367.shtml	http://v8.gdmztv.com:8082/mzt/vod/2021/10/03/ad5aece3b6044291bea1532d3de9261e/h264_1200k_mp4.mp4
2021-10-07	http://news.gdmztv.com/2021/290560.shtml	http://v8.gdmztv.com:8082/mzt/vod/2021/10/07/063a38cc41d94ec5b8032b1f61d24dfb/h264_1200k_mp4.mp4
2021-10-08	http://news.gdmztv.com/2021/290617.shtml	http://v8.gdmztv.com:8082/mzt/vod/2021/10/08/1f560931b4da4b09ab6f83b243c94ba7/h264_1200k_mp4.mp4
2021-10-09	http://news.gdmztv.com/2021/290662.shtml	http://v8.gdmztv.com:8082/mzt/vod/2021/10/09/8017175c42cf4202b41f3c890d3bd2a2/h264_1200k_mp4.mp4
2021-10-11	http://news.gdmztv.com/2021/290766.shtml	http://v8.gdmztv.com:8082/mzt/vod/2021/10/11/18d7abba65624815b440faad8fbd183c/h264_1200k_mp4.mp4
2021-10-12	http://news.gdmztv.com/2021/290898.shtml	http://v8.gdmztv.com:8082/mzt/vod/2021/10/14/5b8b9ba553e041ee8647a33fde85a2f0/h264_1200k_mp4.mp4
2021-10-13	http://news.gdmztv.com/2021/290895.shtml	http://v8.gdmztv.com:8082/mzt/vod/2021/10/13/5cc309e7963d4a38a30adb36dc6ca973/h264_1200k_mp4.mp4
2021-10-14	http://news.gdmztv.com/2021/290967.shtml	http://v8.gdmztv.com:8082/mzt/vod/2021/10/14/391234108ea84639b55e627ad69ff149/h264_1200k_mp4.mp4
2021-10-15	http://news.gdmztv.com/2021/291025.shtml	http://v8.gdmztv.com:8082/mzt/vod/2021/10/15/9063b340a5f74a29977f562fb868a882/h264_1200k_mp4.mp4
2021-10-16	http://news.gdmztv.com/2021/291064.shtml	http://v8.gdmztv.com:8082/mzt/vod/2021/10/16/d36254232566403b95d45328f8968c11/h264_1200k_mp4.mp4
2021-10-17	http://news.gdmztv.com/2021/291096.shtml	http://v8.gdmztv.com:8082/mzt/vod/2021/10/17/6da327ed74cf4f129fb1ee8d0e737033/h264_1200k_mp4.mp4
2021-10-18	http://news.gdmztv.com/2021/291133.shtml	http://v8.gdmztv.com:8082/mzt/vod/2021/10/18/5b6e7e0a992f4c39a9b4e206a6f3975a/h264_1200k_mp4.mp4
2021-10-20	http://news.gdmztv.com/2021/291259.shtml	http://v8.gdmztv.com:8082/mzt/vod/2021/10/20/daa0c5ca457e4493b454161cb9d7090b/h264_1200k_mp4.mp4
2021-10-21	http://news.gdmztv.com/2021/291338.shtml	http://v8.gdmztv.com:8082/mzt/vod/2021/10/21/7ca0271582e844a6b602310302899ab2/h264_1200k_mp4.mp4
2021-10-22	http://news.gdmztv.com/2021/291415.shtml	http://v8.gdmztv.com:8082/mzt/vod/2021/10/22/449c4a3993d945c693524b60789d2607/h264_1200k_mp4.mp4
2021-10-23	http://news.gdmztv.com/2021/291454.shtml	http://v8.gdmztv.com:8082/mzt/vod/2021/10/23/1807d7209cd54c299c6036cd8d72e113/h264_1200k_mp4.mp4
2021-10-24	http://news.gdmztv.com/2021/291494.shtml	http://v8.gdmztv.com:8082/mzt/vod/2021/10/24/caedbdfcfaf34c2b8c9e592e8ca3a0c7/h264_1200k_mp4.mp4
2021-10-25	http://news.gdmztv.com/2021/291558.shtml	http://v8.gdmztv.com:8082/mzt/vod/2021/10/25/9a99e03e96994f478a8e423c8f31f401/h264_1200k_mp4.mp4
2021-10-26	http://news.gdmztv.com/2021/291603.shtml	http://v8.gdmztv.com:8082/mzt/vod/2021/10/26/8b442e3ec8864aff93b223af0ee77b67/h264_1200k_mp4.mp4
2021-10-27	http://news.gdmztv.com/2021/291691.shtml	http://v8.gdmztv.com:8082/mzt/vod/2021/10/28/7345103c1e57496680033ba9f00d1cd8/h264_1200k_mp4.mp4
2021-10-28	http://news.gdmztv.com/2021/291720.shtml	http://v8.gdmztv.com:8082/mzt/vod/2021/10/28/bd375da36dc84afe97b176cb703076f0/h264_1200k_mp4.mp4
2021-10-29	http://news.gdmztv.com/2021/291823.shtml	http://v8.gdmztv.com:8082/mzt/vod/2021/10/29/feebf9e46f3d42a399414b832478d052/h264_1200k_mp4.mp4
2021-10-30	http://news.gdmztv.com/2021/291850.shtml	http://v8.gdmztv.com:8082/mzt/vod/2021/10/30/92b20b05b8f7410896e5f841f269cd0f/h264_1200k_mp4.mp4
2021-10-31	http://news.gdmztv.com/2021/291904.shtml	http://v8.gdmztv.com:8082/mzt/vod/2021/10/31/3078cb80047c44679460b5083a536792/h264_1200k_mp4.mp4
2021-11-01	http://news.gdmztv.com/2021/291966.shtml	http://v8.gdmztv.com:8082/mzt/vod/2021/11/01/5d7f44cebde84b58b88eec05d45ec354/h264_1200k_mp4.mp4
2021-11-02	http://news.gdmztv.com/2021/292017.shtml	http://v8.gdmztv.com:8082/mzt/vod/2021/11/02/ca175bebcd1143c8bd3822aa8e2d03ad/h264_1200k_mp4.mp4
2021-11-03	http://news.gdmztv.com/2021/292094.shtml	http://v8.gdmztv.com:8082/mzt/vod/2021/11/03/daee733f31254e68a7c656ea38c4b8c4/h264_1200k_mp4.mp4
2021-11-04	http://news.gdmztv.com/2021/292173.shtml	http://v8.gdmztv.com:8082/mzt/vod/2021/11/04/f16b6bf67fae41319464e7b9b681d84b/h264_1200k_mp4.mp4
2021-11-05	http://news.gdmztv.com/2021/292225.shtml	http://v8.gdmztv.com:8082/mzt/vod/2021/11/05/d31ac0378e2745b698cbe45aeb52e4f0/h264_1200k_mp4.mp4
2021-11-06	http://news.gdmztv.com/2021/292262.shtml	http://v8.gdmztv.com:8082/mzt/vod/2021/11/06/23a2cb14616945139cda39cf85e528ef/h264_1200k_mp4.mp4
2021-11-07	http://news.gdmztv.com/2021/292305.shtml	http://v8.gdmztv.com:8082/mzt/vod/2021/11/07/d8f1fb0c16454e42978b75eac11399ad/h264_1200k_mp4.mp4
2021-11-08	http://news.gdmztv.com/2021/292373.shtml	http://v8.gdmztv.com:8082/mzt/vod/2021/11/08/6fe0522a5a0747469be6d240548aa797/h264_1200k_mp4.mp4
2021-11-09	http://news.gdmztv.com/2021/292428.shtml	http://v8.gdmztv.com:8082/mzt/vod/2021/11/09/67567fdcd3654d649602485bbaada123/h264_1200k_mp4.mp4
2021-11-10	http://news.gdmztv.com/2021/292497.shtml	http://v8.gdmztv.com:8082/mzt/vod/2021/11/10/328e331a99484b248128927b1bab294e/h264_1200k_mp4.mp4
2021-11-11	http://news.gdmztv.com/2021/292564.shtml	http://v8.gdmztv.com:8082/mzt/vod/2021/11/11/eac4a0024d3e4154880a53bedcbcb637/h264_1200k_mp4.mp4
2021-11-12	http://news.gdmztv.com/2021/292629.shtml	http://v8.gdmztv.com:8082/mzt/vod/2021/11/12/b93377d00b1d461fb4acff6a78aeef3b/h264_1200k_mp4.mp4
2021-11-13	http://news.gdmztv.com/2021/292674.shtml	http://v8.gdmztv.com:8082/mzt/vod/2021/11/13/9d6c239412c24847a43830ee27c43f13/h264_1200k_mp4.mp4
2021-11-14	http://news.gdmztv.com/2021/292711.shtml	http://v8.gdmztv.com:8082/mzt/vod/2021/11/14/e3ed09c40e1748adaa6c433a14e3d309/h264_1200k_mp4.mp4
2021-11-15	http://news.gdmztv.com/2021/292761.shtml	http://v8.gdmztv.com:8082/mzt/vod/2021/11/15/a6d6b3129c8f49b486d00f2bf6fa63a1/h264_1200k_mp4.mp4
2021-11-16	http://news.gdmztv.com/2021/292827.shtml	http://v8.gdmztv.com:8082/mzt/vod/2021/11/16/671795bdf4254854b572b24a0270a163/h264_1200k_mp4.mp4
2021-11-17	http://news.gdmztv.com/2021/292877.shtml	http://v8.gdmztv.com:8082/mzt/vod/2021/11/17/4136f3dd376441f7955f6d3c9f6a28d7/h264_1200k_mp4.mp4
2021-11-18	http://news.gdmztv.com/2021/292945.shtml	http://v8.gdmztv.com:8082/mzt/vod/2021/11/18/360dbe94dff6403a8ec755aef65e1d28/h264_1200k_mp4.mp4
2021-11-19	http://news.gdmztv.com/2021/293042.shtml	http://v8.gdmztv.com:8082/mzt/vod/2021/11/19/247753635de540f19f948bb742f218f9/h264_1200k_mp4.mp4
2021-11-20	http://news.gdmztv.com/2021/293079.shtml	http://v8.gdmztv.com:8082/mzt/vod/2021/11/20/c4d7a061458f4537bf87c0dbdc2a734a/h264_1200k_mp4.mp4
2021-11-21	http://news.gdmztv.com/2021/293102.shtml	http://v8.gdmztv.com:8082/mzt/vod/2021/11/21/d36dbc5920834f74b5580349bcb67577/h264_1200k_mp4.mp4
2021-11-22	http://news.gdmztv.com/2021/293172.shtml	http://v8.gdmztv.com:8082/mzt/vod/2021/11/22/cf36025071ad4330a856d0cb5054d59a/h264_1200k_mp4.mp4
2021-11-23	http://news.gdmztv.com/2021/293232.shtml	http://v8.gdmztv.com:8082/mzt/vod/2021/11/23/57bafdb2ed89428da8423de2d9908ae1/h264_1200k_mp4.mp4
2021-11-24	http://news.gdmztv.com/2021/293296.shtml	http://v8.gdmztv.com:8082/mzt/vod/2021/11/24/c5a8c1b2175b4756bd3710eb7e797a7b/h264_1200k_mp4.mp4
2021-11-25	http://news.gdmztv.com/2021/293353.shtml	http://v8.gdmztv.com:8082/mzt/vod/2021/11/25/79e7b491e52f47ca803737e335e9e7f7/h264_1200k_mp4.mp4
2021-11-27	http://news.gdmztv.com/2021/293451.shtml	http://v8.gdmztv.com:8082/mzt/vod/2021/11/27/1fe5124999234c928d9ac05fed02eaf7/h264_1200k_mp4.mp4
2021-11-28	http://news.gdmztv.com/2021/293475.shtml	http://v8.gdmztv.com:8082/mzt/vod/2021/11/28/81bf59d6754946ef8528f0501dd3b82e/h264_1200k_mp4.mp4
2021-11-29	http://news.gdmztv.com/2021/293538.shtml	http://v8.gdmztv.com:8082/mzt/vod/2021/11/29/2935789fbb224fc6b7e5a45d3727b390/h264_1200k_mp4.mp4
2021-11-30	http://news.gdmztv.com/2021/293603.shtml	http://v8.gdmztv.com:8082/mzt/vod/2021/11/30/71394d9578da4ebab22d696226d4ab59/h264_1200k_mp4.mp4
2021-12-01	http://news.gdmztv.com/2021/293677.shtml	http://v8.gdmztv.com:8082/mzt/vod/2021/12/01/8fb5aca716b5477e9f2ceb424549f6f9/h264_1200k_mp4.mp4
2021-12-02	http://news.gdmztv.com/2021/293722.shtml	http://v8.gdmztv.com:8082/mzt/vod/2021/12/02/03e69cfd048444a8933f016221e98b02/h264_1200k_mp4.mp4
2021-12-03	http://news.gdmztv.com/2021/293789.shtml	http://v8.gdmztv.com:8082/mzt/vod/2021/12/03/26aef163b11d4fcd8e354f84f4866b43/h264_1200k_mp4.mp4
2021-12-04	http://news.gdmztv.com/2021/293827.shtml	http://v8.gdmztv.com:8082/mzt/vod/2021/12/04/cac34ae1ae2944d9acbf8319fa8ed0ce/h264_1200k_mp4.mp4
2021-12-05	http://news.gdmztv.com/2021/293845.shtml	http://v8.gdmztv.com:8082/mzt/vod/2021/12/05/3d62896fa6564dfabd0a4db15e71b794/h264_1200k_mp4.mp4
2021-12-06	http://news.gdmztv.com/2021/293920.shtml	http://v8.gdmztv.com:8082/mzt/vod/2021/12/06/aeb9fc594ca248569a1c5a3e4c0419f9/h264_1200k_mp4.mp4
2021-12-07	http://news.gdmztv.com/2021/293979.shtml	http://v8.gdmztv.com:8082/mzt/vod/2021/12/07/c14813c641d5433fb52d9f23679d3235/h264_1200k_mp4.mp4
2021-12-08	http://news.gdmztv.com/2021/294028.shtml	http://v8.gdmztv.com:8082/mzt/vod/2021/12/08/9bc2d30b8dac40ee8a6295de4b5fb908/h264_1200k_mp4.mp4
2021-12-09	http://news.gdmztv.com/2021/294125.shtml	http://v8.gdmztv.com:8082/mzt/vod/2021/12/09/cf91fff1bfc04dbf87ba8dfb408db25e/h264_1200k_mp4.mp4
2021-12-10	http://news.gdmztv.com/2021/294178.shtml	http://v8.gdmztv.com:8082/mzt/vod/2021/12/10/9acd2f6b78d24d47aa7963bb2fd08748/h264_1200k_mp4.mp4
2021-12-11	http://news.gdmztv.com/2021/294213.shtml	http://v8.gdmztv.com:8082/mzt/vod/2021/12/11/f6c001633d26430db865235c84f46312/h264_1200k_mp4.mp4
2021-12-12	http://news.gdmztv.com/2021/294243.shtml	http://v8.gdmztv.com:8082/mzt/vod/2021/12/12/7de2a505650044328d3b3beb993c2096/h264_1200k_mp4.mp4
2021-12-13	http://news.gdmztv.com/2021/294327.shtml	http://v8.gdmztv.com:8082/mzt/vod/2021/12/13/c002f0b7ebda4967b8dd50d71bc0b31b/h264_1200k_mp4.mp4
2021-12-14	http://news.gdmztv.com/2021/294375.shtml	http://v8.gdmztv.com:8082/mzt/vod/2021/12/14/706212a7665b4f14b7cd7db646a109d1/h264_1200k_mp4.mp4
2021-12-15	http://news.gdmztv.com/2021/294451.shtml	http://v8.gdmztv.com:8082/mzt/vod/2021/12/15/0e8aead120934ab9abc1dc8a585a61cb/h264_1200k_mp4.mp4
2021-12-17	http://news.gdmztv.com/2021/294579.shtml	http://v8.gdmztv.com:8082/mzt/vod/2021/12/17/082b3b9485944cb7807e997c85e48983/h264_1200k_mp4.mp4
2021-12-18	http://news.gdmztv.com/2021/294615.shtml	http://v8.gdmztv.com:8082/mzt/vod/2021/12/18/519367575b2845849fbac3a5f504bfb1/h264_1200k_mp4.mp4
2021-12-19	http://news.gdmztv.com/2021/294647.shtml	http://v8.gdmztv.com:8082/mzt/vod/2021/12/19/a8244ecbc8cc4073b97089b226f531fa/h264_1200k_mp4.mp4
2021-12-20	http://news.gdmztv.com/2021/294720.shtml	http://v8.gdmztv.com:8082/mzt/vod/2021/12/20/e9903b9988e84e9190cc7ce35f35a9b5/h264_1200k_mp4.mp4
2021-12-21	http://news.gdmztv.com/2021/294796.shtml	http://v8.gdmztv.com:8082/mzt/vod/2021/12/22/632e5a9cfe8242c58041e16ab253335d/h264_1200k_mp4.mp4
2021-12-22	http://news.gdmztv.com/2021/294841.shtml	http://v8.gdmztv.com:8082/mzt/vod/2021/12/22/b217e3128543432484b49330127998ca/h264_1200k_mp4.mp4
2021-12-23	http://news.gdmztv.com/2021/294893.shtml	http://v8.gdmztv.com:8082/mzt/vod/2021/12/23/86ae1166fdcb4d5ab7e237ba0183e1f4/h264_1200k_mp4.mp4
2021-12-24	http://news.gdmztv.com/2021/294944.shtml	http://v8.gdmztv.com:8082/mzt/vod/2021/12/24/07e65559a39e439787a511f9403a2e2a/h264_1200k_mp4.mp4
2021-12-25	http://news.gdmztv.com/2021/295030.shtml	http://v8.gdmztv.com:8082/mzt/vod/2021/12/25/61fe1f0416564f0ebd8829064e9648a6/h264_1200k_mp4.mp4
2021-12-26	http://news.gdmztv.com/2021/295062.shtml	http://v8.gdmztv.com:8082/mzt/vod/2021/12/26/5d427089171e48b6b167ddc13a6b85cf/h264_1200k_mp4.mp4
2021-12-27	http://news.gdmztv.com/2021/295118.shtml	http://v8.gdmztv.com:8082/mzt/vod/2021/12/27/dfdc3b69d1b94d28b4dedc433156c2d5/h264_1200k_mp4.mp4
2021-12-28	http://news.gdmztv.com/2021/295187.shtml	http://v8.gdmztv.com:8082/mzt/vod/2021/12/28/ea2abbacc334453dbc29545fc9919dae/h264_1200k_mp4.mp4
2021-12-29	http://news.gdmztv.com/2021/295241.shtml	http://v8.gdmztv.com:8082/mzt/vod/2021/12/29/af7507dffb344d5eac4fa17389acf571/h264_1200k_mp4.mp4
2021-12-31	http://news.gdmztv.com/2022/295400.shtml	http://v8.gdmztv.com:8082/mzt/vod/2021/12/31/698e9261d555499bba2d049c820653b0/h264_1200k_mp4.mp4
2022-01-01	http://news.gdmztv.com/2022/295427.shtml	http://v8.gdmztv.com:8082/mzt/vod/2022/01/01/19a7d83be6744fe1989902b92988e7ae/h264_1200k_mp4.mp4
2022-01-02	http://news.gdmztv.com/2022/295471.shtml	http://v8.gdmztv.com:8082/mzt/vod/2022/01/02/05d6d74a2ea64c4082dd2bf9301333cc/h264_1200k_mp4.mp4
2022-01-03	http://news.gdmztv.com/2022/295527.shtml	http://v8.gdmztv.com:8082/mzt/vod/2022/01/03/52712658edc44bd99d6b74818c721735/h264_1200k_mp4.mp4
2022-01-04	http://news.gdmztv.com/2022/295564.shtml	http://v8.gdmztv.com:8082/mzt/vod/2022/01/04/9c587343d55043fb8bafdbe706e9992d/h264_1200k_mp4.mp4
2022-01-06	http://news.gdmztv.com/2022/295721.shtml	http://v8.gdmztv.com:8082/mzt/vod/2022/01/06/bba0693cf60045c392db53b0033c8cd3/h264_1200k_mp4.mp4
2022-01-07	http://news.gdmztv.com/2022/295776.shtml	http://v8.gdmztv.com:8082/mzt/vod/2022/01/07/6b2020288567437784d0dd12452d1e09/h264_1200k_mp4.mp4
2022-01-08	http://news.gdmztv.com/2022/295826.shtml	http://v8.gdmztv.com:8082/mzt/vod/2022/01/08/4ed7220c985d4417bd7294c4b3cbfe04/h264_1200k_mp4.mp4
2022-01-09	http://news.gdmztv.com/2022/295860.shtml	http://v8.gdmztv.com:8082/mzt/vod/2022/01/09/993e50cb1d9d4b59a336e86aede48696/h264_1200k_mp4.mp4
2022-01-10	http://news.gdmztv.com/2022/295917.shtml	http://v8.gdmztv.com:8082/mzt/vod/2022/01/10/0f9c7952d05940eca2a9e6e90efefb69/h264_1200k_mp4.mp4
2022-01-11	http://news.gdmztv.com/2022/295990.shtml	http://v8.gdmztv.com:8082/mzt/vod/2022/01/11/79cdd95ec671423486a3ce2818fc0197/h264_1200k_mp4.mp4
2022-01-12	http://news.gdmztv.com/2022/296031.shtml	http://v8.gdmztv.com:8082/mzt/vod/2022/01/12/4bfca31decbe4681bebe7d272250d8b6/h264_1200k_mp4.mp4
2022-01-13	http://news.gdmztv.com/2022/296096.shtml	http://v8.gdmztv.com:8082/mzt/vod/2022/01/13/751b450746fa4f71b00f9c8adbc45f1b/h264_1200k_mp4.mp4
2022-01-14	http://news.gdmztv.com/2022/296182.shtml	http://v8.gdmztv.com:8082/mzt/vod/2022/01/14/406e7eba8fa6440ab9af8597bf5538b7/h264_1200k_mp4.mp4
2022-01-15	http://news.gdmztv.com/2022/296231.shtml	http://v8.gdmztv.com:8082/mzt/vod/2022/01/15/6f2ac9538dac4260b08819895505f290/h264_1200k_mp4.mp4
2022-01-16	http://news.gdmztv.com/2022/296269.shtml	http://v8.gdmztv.com:8082/mzt/vod/2022/01/16/a7b94eb989dd43148c5721d352b7b9e8/h264_1200k_mp4.mp4
2022-01-17	http://news.gdmztv.com/2022/296329.shtml	http://v8.gdmztv.com:8082/mzt/vod/2022/01/17/d9bd4dec9514407a9f3b7c7e0afe504b/h264_1200k_mp4.mp4
2022-01-18	http://news.gdmztv.com/2022/296401.shtml	http://v8.gdmztv.com:8082/mzt/vod/2022/01/18/fa4ae3b44e89440591ceff7958a87af7/h264_1200k_mp4.mp4
2022-01-19	http://news.gdmztv.com/2022/296453.shtml	http://v8.gdmztv.com:8082/mzt/vod/2022/01/19/d8cf3c7affb5463da8d90d87569febda/h264_1200k_mp4.mp4
2022-01-20	http://news.gdmztv.com/2022/296524.shtml	http://v8.gdmztv.com:8082/mzt/vod/2022/01/20/97b01f85a2dc4889892b94a8cb33ba3a/h264_1200k_mp4.mp4
2022-01-21	http://news.gdmztv.com/2022/296600.shtml	http://v8.gdmztv.com:8082/mzt/vod/2022/01/21/e45dd2d0142d4d13bd31c326f51223e6/h264_1200k_mp4.mp4
2022-01-22	http://news.gdmztv.com/2022/296646.shtml	http://v8.gdmztv.com:8082/mzt/vod/2022/01/22/091b2f601fb146ec8076e4a1fcbdb0cd/h264_1200k_mp4.mp4
2022-01-23	http://news.gdmztv.com/2022/296668.shtml	http://v8.gdmztv.com:8082/mzt/vod/2022/01/23/57213b109e4d4702a39e634b6771d2b4/h264_1200k_mp4.mp4
2022-01-24	http://news.gdmztv.com/2022/296719.shtml	http://v8.gdmztv.com:8082/mzt/vod/2022/01/24/580f970f9b794b39a76dcf3ebc77abd1/h264_1200k_mp4.mp4
2022-01-26	http://news.gdmztv.com/2022/296858.shtml	http://v8.gdmztv.com:8082/mzt/vod/2022/01/26/21a3e54cff41410eb8cc25440579e139/h264_1200k_mp4.mp4
2022-01-27	http://news.gdmztv.com/2022/296940.shtml	http://v8.gdmztv.com:8082/mzt/vod/2022/01/27/0488a5431aeb4751b8c5c3517a1b8a5c/h264_1200k_mp4.mp4
2022-01-28	http://news.gdmztv.com/2022/296989.shtml	http://v8.gdmztv.com:8082/mzt/vod/2022/01/28/75862b31191f4a5ebc112cc7f32a2bce/h264_1200k_mp4.mp4
2022-01-29	http://news.gdmztv.com/2022/297087.shtml	http://v8.gdmztv.com:8082/mzt/vod/2022/01/29/da7e23995c704e42acad7b24fa453a6c/h264_1200k_mp4.mp4
2022-01-30	http://news.gdmztv.com/2022/297130.shtml	http://v8.gdmztv.com:8082/mzt/vod/2022/01/30/21b6bf86607e41799bf0fc0901f7a8d4/h264_1200k_mp4.mp4
2022-01-31	http://news.gdmztv.com/2022/297175.shtml	http://v8.gdmztv.com:8082/mzt/vod/2022/01/31/416cceea66c54873b2292ac52ee2153d/h264_1200k_mp4.mp4
2022-02-01	http://news.gdmztv.com/2022/297248.shtml	http://v8.gdmztv.com:8082/mzt/vod/2022/02/01/3075abd7fc0a4f27a3326b541107a3d5/h264_1200k_mp4.mp4
2022-02-02	http://news.gdmztv.com/2022/297275.shtml	http://v8.gdmztv.com:8082/mzt/vod/2022/02/02/800e8ed97a35447c92108503c0ebedd6/h264_1200k_mp4.mp4
2022-02-03	http://news.gdmztv.com/2022/297343.shtml	http://v8.gdmztv.com:8082/mzt/vod/2022/02/03/68eb9a4ac4fd4823b82cb6e997b64ae2/h264_1200k_mp4.mp4
2022-02-04	http://news.gdmztv.com/2022/297411.shtml	http://v8.gdmztv.com:8082/mzt/vod/2022/02/04/4f993a023f5441f68cc42f8b3d8260a1/h264_1200k_mp4.mp4
2022-02-05	http://news.gdmztv.com/2022/297448.shtml	http://v8.gdmztv.com:8082/mzt/vod/2022/02/05/9d0f2197e8ac4aab8d3cad241fdc418e/h264_1200k_mp4.mp4
2022-02-06	http://news.gdmztv.com/2022/297479.shtml	http://v8.gdmztv.com:8082/mzt/vod/2022/02/06/7fcc568484bc420185b9a4542c0d689a/h264_1200k_mp4.mp4
2022-02-07	http://news.gdmztv.com/2022/297554.shtml	http://v8.gdmztv.com:8082/mzt/vod/2022/02/07/6463f72df42643b2be4a20dfcb927337/h264_1200k_mp4.mp4
2022-02-08	http://news.gdmztv.com/2022/297600.shtml	http://v8.gdmztv.com:8082/mzt/vod/2022/02/08/bcef98e9a90d4047aa332562aa16e8f5/h264_1200k_mp4.mp4
2022-02-09	http://news.gdmztv.com/2022/297674.shtml	http://v8.gdmztv.com:8082/mzt/vod/2022/02/09/8ff42a5e2cd94ff9aa6e454acad84282/h264_1200k_mp4.mp4
2022-02-11	http://news.gdmztv.com/2022/297814.shtml	http://v8.gdmztv.com:8082/mzt/vod/2022/02/11/933a1daa777e4562b94c85de0c808d04/h264_1200k_mp4.mp4
2022-02-12	http://news.gdmztv.com/2022/297853.shtml	http://v8.gdmztv.com:8082/mzt/vod/2022/02/12/3b34feb7c4f64915af5faffa4a61fe14/h264_1200k_mp4.mp4
2022-02-13	http://news.gdmztv.com/2022/297873.shtml	http://v8.gdmztv.com:8082/mzt/vod/2022/02/13/7e5f526711c74101a43ba1d9c3a07d4a/h264_1200k_mp4.mp4
2022-02-14	http://news.gdmztv.com/2022/297935.shtml	http://v8.gdmztv.com:8082/mzt/vod/2022/02/14/84817b91f2f34e628f613b71aafbb614/h264_1200k_mp4.mp4
2022-02-15	http://news.gdmztv.com/2022/297996.shtml	http://v8.gdmztv.com:8082/mzt/vod/2022/02/15/7e08ea9b12ef47c98929694c9351217d/h264_1200k_mp4.mp4
2022-02-16	http://news.gdmztv.com/2022/298075.shtml	http://v8.gdmztv.com:8082/mzt/vod/2022/02/16/c10662192be24f7f847c834a6b172724/h264_1200k_mp4.mp4
2022-02-17	http://news.gdmztv.com/2022/298126.shtml	http://v8.gdmztv.com:8082/mzt/vod/2022/02/17/857d2ef870444345ae20272f3ec071ec/h264_1200k_mp4.mp4
2022-02-18	http://news.gdmztv.com/2022/298184.shtml	http://v8.gdmztv.com:8082/mzt/vod/2022/02/18/4e1d09e0d4254527a360205ce3c26ac2/h264_1200k_mp4.mp4
2022-02-19	http://news.gdmztv.com/2022/298209.shtml	http://v8.gdmztv.com:8082/mzt/vod/2022/02/19/6efc22f91e6f4965a16f901afa4a5196/h264_1200k_mp4.mp4
2022-02-20	http://news.gdmztv.com/2022/298240.shtml	http://v8.gdmztv.com:8082/mzt/vod/2022/02/20/012fd6287cd441e48dbe1fe02ee544e4/h264_1200k_mp4.mp4
2022-02-21	http://news.gdmztv.com/2022/298303.shtml	http://v8.gdmztv.com:8082/mzt/vod/2022/02/21/918a6356760f4fa9a31769716fa7f19e/h264_1200k_mp4.mp4
2022-02-22	http://news.gdmztv.com/2022/298377.shtml	http://v8.gdmztv.com:8082/mzt/vod/2022/02/22/45ebd5d018cf40d5bd765cacaea1b64b/h264_1200k_mp4.mp4
2022-02-23	http://news.gdmztv.com/2022/298461.shtml	http://v8.gdmztv.com:8082/mzt/vod/2022/02/23/90df9d6f4a8041c4ba020946a136b525/h264_1200k_mp4.mp4
2022-02-24	http://news.gdmztv.com/2022/298514.shtml	http://v8.gdmztv.com:8082/mzt/vod/2022/02/24/7d6442bc685244ea9905db46b504c20c/h264_1200k_mp4.mp4
2022-02-25	http://news.gdmztv.com/2022/298570.shtml	http://v8.gdmztv.com:8082/mzt/vod/2022/02/25/d8648792fb514ec992c648d2972b6e7e/h264_1200k_mp4.mp4
2022-02-26	http://news.gdmztv.com/2022/298614.shtml	http://v8.gdmztv.com:8082/mzt/vod/2022/02/26/ffa88a7daf664cf9882bb6727952ec18/h264_1200k_mp4.mp4
2022-02-27	http://news.gdmztv.com/2022/298655.shtml	http://v8.gdmztv.com:8082/mzt/vod/2022/02/27/36e3e35839b944c2a563b7eeeb236521/h264_1200k_mp4.mp4
2022-02-28	http://news.gdmztv.com/2022/298722.shtml	http://v8.gdmztv.com:8082/mzt/vod/2022/02/28/166c68958bb8494880190f74e3b8e43f/h264_1200k_mp4.mp4
2022-03-01	http://news.gdmztv.com/2022/298781.shtml	http://v8.gdmztv.com:8082/mzt/vod/2022/03/01/4f5a86a0416649ae9a82b5f1bceaafed/h264_1200k_mp4.mp4
2022-03-02	http://news.gdmztv.com/2022/298861.shtml	http://v8.gdmztv.com:8082/mzt/vod/2022/03/02/88c58e791be94420805189c0dea5572f/h264_1200k_mp4.mp4
2022-03-03	http://news.gdmztv.com/2022/298929.shtml	http://v8.gdmztv.com:8082/mzt/vod/2022/03/03/0d84953e44bc4352b8eacd819ca85c7b/h264_1200k_mp4.mp4
2022-03-04	http://news.gdmztv.com/2022/298968.shtml	http://v8.gdmztv.com:8082/mzt/vod/2022/03/04/ee233a423559418ab9b1f0718cb97081/h264_1200k_mp4.mp4
2022-03-05	http://news.gdmztv.com/2022/299033.shtml	http://v8.gdmztv.com:8082/mzt/vod/2022/03/05/8cee60bc4aa64d30bc5c7ecd11a6b902/h264_1200k_mp4.mp4
2022-03-06	http://news.gdmztv.com/2022/299059.shtml	http://v8.gdmztv.com:8082/mzt/vod/2022/03/06/f80064fe24f94237859c5aec3b880f8d/h264_1200k_mp4.mp4
2022-03-07	http://news.gdmztv.com/2022/299113.shtml	http://v8.gdmztv.com:8082/mzt/vod/2022/03/07/00dbf1175d9a4c1bbc35f1ff4658a793/h264_1200k_mp4.mp4
2022-03-08	http://news.gdmztv.com/2022/299186.shtml	http://v8.gdmztv.com:8082/mzt/vod/2022/03/08/bd8c6e50048c4d09b18ccbebf00b96bb/h264_1200k_mp4.mp4
2022-03-09	http://news.gdmztv.com/2022/299255.shtml	http://v8.gdmztv.com:8082/mzt/vod/2022/03/09/51e209c9cd164072952f0662c2b88caf/h264_1200k_mp4.mp4
2022-03-10	http://news.gdmztv.com/2022/299309.shtml	http://v8.gdmztv.com:8082/mzt/vod/2022/03/10/64b61907579a43cdab689c72c78a4bfb/h264_1200k_mp4.mp4
2022-03-11	http://news.gdmztv.com/2022/299377.shtml	http://v8.gdmztv.com:8082/mzt/vod/2022/03/11/5640c49224c54b6ab8fe60133bf82687/h264_1200k_mp4.mp4
2022-03-12	http://news.gdmztv.com/2022/299414.shtml	http://v8.gdmztv.com:8082/mzt/vod/2022/03/12/b68c23315b1e4914850d2d6a46385550/h264_1200k_mp4.mp4
2022-03-13	http://news.gdmztv.com/2022/299444.shtml	http://v8.gdmztv.com:8082/mzt/vod/2022/03/13/72997bd6aeaa498f9c2c13a30a68f1cb/h264_1200k_mp4.mp4
2022-03-14	http://news.gdmztv.com/2022/299509.shtml	http://v8.gdmztv.com:8082/mzt/vod/2022/03/14/244ca98c1055484ab569f119ee707d38/h264_1200k_mp4.mp4
2022-03-15	http://news.gdmztv.com/2022/299552.shtml	http://v8.gdmztv.com:8082/mzt/vod/2022/03/15/e727e211e9ad45cc915e38d5c3194060/h264_1200k_mp4.mp4
2022-03-16	http://news.gdmztv.com/2022/299635.shtml	http://v8.gdmztv.com:8082/mzt/vod/2022/03/16/e8fb5a99b4ed4c8bbae670d7749d8879/h264_1200k_mp4.mp4
2022-03-17	http://news.gdmztv.com/2022/299681.shtml	http://v8.gdmztv.com:8082/mzt/vod/2022/03/17/3991d079a4a44934812743ed6f637626/h264_1200k_mp4.mp4
2022-03-18	http://news.gdmztv.com/2022/299767.shtml	http://v8.gdmztv.com:8082/mzt/vod/2022/03/18/6b6e2b610d1b4ef6b1769a8d86a6a6fe/h264_1200k_mp4.mp4
2022-03-19	http://news.gdmztv.com/2022/299801.shtml	http://v8.gdmztv.com:8082/mzt/vod/2022/03/19/658d799893aa4e0e9fdd582d7cbd0e43/h264_1200k_mp4.mp4
2022-03-20	http://news.gdmztv.com/2022/299840.shtml	http://v8.gdmztv.com:8082/mzt/vod/2022/03/20/ca15b0e8a8a44be1908c1f39fb72f882/h264_1200k_mp4.mp4
2022-03-21	http://news.gdmztv.com/2022/299911.shtml	http://v8.gdmztv.com:8082/mzt/vod/2022/03/21/602d22d6e8f8408abd229e5ae15bee7d/h264_1200k_mp4.mp4
2022-03-22	http://news.gdmztv.com/2022/299964.shtml	http://v8.gdmztv.com:8082/mzt/vod/2022/03/22/49940e7458c34e5a8eb1cc41f6d82d6a/h264_1200k_mp4.mp4
2022-03-23	http://news.gdmztv.com/2022/300034.shtml	http://v8.gdmztv.com:8082/mzt/vod/2022/03/23/a481068bff1844358de4798b4bcc69dd/h264_1200k_mp4.mp4
2022-03-24	http://news.gdmztv.com/2022/300098.shtml	http://v8.gdmztv.com:8082/mzt/vod/2022/03/24/ad0e623b055544348249c02e06bf89ac/h264_1200k_mp4.mp4
2022-03-25	http://news.gdmztv.com/2022/300156.shtml	http://v8.gdmztv.com:8082/mzt/vod/2022/03/25/f0bb5b7e33bb42d3bfab84f10c06554a/h264_1200k_mp4.mp4
2022-03-26	http://news.gdmztv.com/2022/300207.shtml	http://v8.gdmztv.com:8082/mzt/vod/2022/03/27/83e11e14decd4225a86ec1e8d799bbd3/h264_1200k_mp4.mp4
2022-03-27	http://news.gdmztv.com/2022/300195.shtml	http://v8.gdmztv.com:8082/mzt/vod/2022/03/26/263c1dd698984e39ad3a6fb4443f5502/h264_1200k_mp4.mp4
2022-03-28	http://news.gdmztv.com/2022/300283.shtml	http://v8.gdmztv.com:8082/mzt/vod/2022/03/28/d5662c85783a4140992276fb95204a26/h264_1200k_mp4.mp4
2022-03-29	http://news.gdmztv.com/2022/300349.shtml	http://v8.gdmztv.com:8082/mzt/vod/2022/03/29/dbc5fa78c52b4744a7babf877fe0539e/h264_1200k_mp4.mp4
2022-03-30	http://news.gdmztv.com/2022/300419.shtml	http://v8.gdmztv.com:8082/mzt/vod/2022/03/30/5addcf6d4c324c0ba0a009e225a4f883/h264_1200k_mp4.mp4
2022-03-31	http://news.gdmztv.com/2022/300486.shtml	http://v8.gdmztv.com:8082/mzt/vod/2022/03/31/4df6c0c4545b40e09c8569a1e6ffcf23/h264_1200k_mp4.mp4
2022-04-01	http://news.gdmztv.com/2022/300556.shtml	http://v8.gdmztv.com:8082/mzt/vod/2022/04/01/73aadc623d484e25a76d2344723fd9dd/h264_1200k_mp4.mp4
2022-04-02	http://news.gdmztv.com/2022/300612.shtml	http://v8.gdmztv.com:8082/mzt/vod/2022/04/02/3f137386762b4508b1155bf13656ec55/h264_1200k_mp4.mp4
2022-04-03	http://news.gdmztv.com/2022/300658.shtml	http://v8.gdmztv.com:8082/mzt/vod/2022/04/03/cb1007e17f924e91a07b49f3ce8e1ee2/h264_1200k_mp4.mp4
2022-04-04	http://news.gdmztv.com/2022/300708.shtml	http://v8.gdmztv.com:8082/mzt/vod/2022/04/04/152afc36a55242d3a63bd6cf44a13377/h264_1200k_mp4.mp4
2022-04-05	http://news.gdmztv.com/2022/300759.shtml	http://v8.gdmztv.com:8082/mzt/vod/2022/04/05/c3a561a10c454f069757410e94ff6ac1/h264_1200k_mp4.mp4
2022-04-06	http://news.gdmztv.com/2022/300823.shtml	http://v8.gdmztv.com:8082/mzt/vod/2022/04/06/a7144e963826416399d347817285cf64/h264_1200k_mp4.mp4
2022-04-07	http://news.gdmztv.com/2022/300879.shtml	http://v8.gdmztv.com:8082/mzt/vod/2022/04/07/84a3a1e3826b4440887c539e4685ee74/h264_1200k_mp4.mp4
2022-04-08	http://news.gdmztv.com/2022/300951.shtml	http://v8.gdmztv.com:8082/mzt/vod/2022/04/08/9d7171b5351f4cce9b41050338d6fc40/h264_1200k_mp4.mp4
2022-04-09	http://news.gdmztv.com/2022/300981.shtml	http://v8.gdmztv.com:8082/mzt/vod/2022/04/09/f234709ce0554379ad342853999f0163/h264_1200k_mp4.mp4
2022-04-10	http://news.gdmztv.com/2022/301004.shtml	http://v8.gdmztv.com:8082/mzt/vod/2022/04/10/2ebeb55f0bd046d1a51bb4894ea540e2/h264_1200k_mp4.mp4
2022-04-11	http://news.gdmztv.com/2022/301074.shtml	http://v8.gdmztv.com:8082/mzt/vod/2022/04/11/e28baacfcee64c5cbac10c43dd8b3911/h264_1200k_mp4.mp4
2022-04-12	http://news.gdmztv.com/2022/301137.shtml	http://v8.gdmztv.com:8082/mzt/vod/2022/04/12/e543c92fdb2f4f09942923544cb57bad/h264_1200k_mp4.mp4
2022-04-13	http://news.gdmztv.com/2022/301186.shtml	http://v8.gdmztv.com:8082/mzt/vod/2022/04/13/ce71591cdf9142b38a556794bc4f3e6b/h264_1200k_mp4.mp4
2022-04-14	http://news.gdmztv.com/2022/301250.shtml	http://v8.gdmztv.com:8082/mzt/vod/2022/04/14/5a7c2ff671eb413a9fc1829a9050829c/h264_1200k_mp4.mp4
2022-04-15	http://news.gdmztv.com/2022/301329.shtml	http://v8.gdmztv.com:8082/mzt/vod/2022/04/15/17e26c87bf4e46afb958f911eaa27e81/h264_1200k_mp4.mp4
2022-04-16	http://news.gdmztv.com/2022/301365.shtml	http://v8.gdmztv.com:8082/mzt/vod/2022/04/16/dfd323fe346e4a82a33ddf5d18826a7d/h264_1200k_mp4.mp4
2022-04-18	http://news.gdmztv.com/2022/301456.shtml	http://v8.gdmztv.com:8082/mzt/vod/2022/04/18/1cd53543744844c7989b2019bbea462f/h264_1200k_mp4.mp4
2022-04-19	http://news.gdmztv.com/2022/301489.shtml	http://v8.gdmztv.com:8082/mzt/vod/2022/04/19/198fd500bcca4169a914eddb38b28f51/h264_1200k_mp4.mp4
2022-04-20	http://news.gdmztv.com/2022/301564.shtml	http://v8.gdmztv.com:8082/mzt/vod/2022/04/20/9526fdcab3714b139c4284ff5fe81b9e/h264_1200k_mp4.mp4
2022-04-21	http://news.gdmztv.com/2022/301630.shtml	http://v8.gdmztv.com:8082/mzt/vod/2022/04/21/1ed9857352ef44349c3617229cfd785a/h264_1200k_mp4.mp4
2022-04-22	http://news.gdmztv.com/2022/301711.shtml	http://v8.gdmztv.com:8082/mzt/vod/2022/04/22/027b7df7bda74156bde8ab7eecb1de9d/h264_1200k_mp4.mp4
2022-04-23	http://news.gdmztv.com/2022/301741.shtml	http://v8.gdmztv.com:8082/mzt/vod/2022/04/23/888d2d30b51b44deae675e4687b011ba/h264_1200k_mp4.mp4
2022-04-24	http://news.gdmztv.com/2022/301783.shtml	http://v8.gdmztv.com:8082/mzt/vod/2022/04/24/7f2c46228042411290ee3656a0c32855/h264_1200k_mp4.mp4
2022-04-25	http://news.gdmztv.com/2022/301842.shtml	http://v8.gdmztv.com:8082/mzt/vod/2022/04/25/c26426da85b34bdbb9da2cafc28cbcfb/h264_1200k_mp4.mp4
2022-04-26	http://news.gdmztv.com/2022/301892.shtml	http://v8.gdmztv.com:8082/mzt/vod/2022/04/26/a5d6fece0e59478c876854937f821eda/h264_1200k_mp4.mp4
2022-04-27	http://news.gdmztv.com/2022/301968.shtml	http://v8.gdmztv.com:8082/mzt/vod/2022/04/27/d0dfb4aecfd14705a33241e4837ef1e1/h264_1200k_mp4.mp4
2022-04-29	http://news.gdmztv.com/2022/302087.shtml	http://v8.gdmztv.com:8082/mzt/vod/2022/04/29/829f8217ff644be09ada9fef7b09fc1e/h264_1200k_mp4.mp4
2022-04-30	http://news.gdmztv.com/2022/302161.shtml	http://v8.gdmztv.com:8082/mzt/vod/2022/04/30/437e221f7cbc4d30b5310490f7039dd6/h264_1200k_mp4.mp4
2022-05-01	http://news.gdmztv.com/2022/302200.shtml	http://v8.gdmztv.com:8082/mzt/vod/2022/05/01/1f6be1b174f244c3b6fb81bf5f238ef6/h264_1200k_mp4.mp4
2022-05-02	http://news.gdmztv.com/2022/302258.shtml	http://v8.gdmztv.com:8082/mzt/vod/2022/05/02/cc5a931e982f49b7a879663f0825d659/h264_1200k_mp4.mp4
2022-05-03	http://news.gdmztv.com/2022/302315.shtml	http://v8.gdmztv.com:8082/mzt/vod/2022/05/03/5ef5bf54715d4d0faf91ccf912c1faa0/h264_1200k_mp4.mp4
2022-05-04	http://news.gdmztv.com/2022/302347.shtml	http://v8.gdmztv.com:8082/mzt/vod/2022/05/04/003d0ba80c154c388f664a6742d32ae9/h264_1200k_mp4.mp4
2022-05-05	http://news.gdmztv.com/2022/302424.shtml	http://v8.gdmztv.com:8082/mzt/vod/2022/05/05/d15cefce589440e596467d658fd5b874/h264_1200k_mp4.mp4
2022-05-06	http://news.gdmztv.com/2022/302486.shtml	http://v8.gdmztv.com:8082/mzt/vod/2022/05/06/3254db01b34646e7984f92068ef05ec9/h264_1200k_mp4.mp4
2022-05-07	http://news.gdmztv.com/2022/302541.shtml	http://v8.gdmztv.com:8082/mzt/vod/2022/05/07/06d234541be54dad81421ac10e6a43e0/h264_1200k_mp4.mp4
2022-05-08	http://news.gdmztv.com/2022/302564.shtml	http://v8.gdmztv.com:8082/mzt/vod/2022/05/08/0c06292e888c4c77b5ddc49906371151/h264_1200k_mp4.mp4
2022-05-09	http://news.gdmztv.com/2022/302627.shtml	http://v8.gdmztv.com:8082/mzt/vod/2022/05/09/ecb34f386d50427d97dc73b37f565f10/h264_1200k_mp4.mp4
2022-05-10	http://news.gdmztv.com/2022/302672.shtml	http://v8.gdmztv.com:8082/mzt/vod/2022/05/10/30505f3632f3463eb0cd5b2d4d47b6da/h264_1200k_mp4.mp4
2022-05-11	http://news.gdmztv.com/2022/302735.shtml	http://v8.gdmztv.com:8082/mzt/vod/2022/05/11/a1bdd0cfc2f04d5999b884afa709aec1/h264_1200k_mp4.mp4
2022-05-12	http://news.gdmztv.com/2022/302794.shtml	http://v8.gdmztv.com:8082/mzt/vod/2022/05/12/716525d112a14f21abef6ec016908e34/h264_1200k_mp4.mp4
2022-05-13	http://news.gdmztv.com/2022/302846.shtml	http://v8.gdmztv.com:8082/mzt/vod/2022/05/13/55566f5018c147fba6b0ed05b19948d5/h264_1200k_mp4.mp4
2022-05-14	http://news.gdmztv.com/2022/302902.shtml	http://v8.gdmztv.com:8082/mzt/vod/2022/05/14/010a2ecd1c6d469a901bb4abf8374e70/h264_1200k_mp4.mp4
2022-05-15	http://news.gdmztv.com/2022/302943.shtml	http://v8.gdmztv.com:8082/mzt/vod/2022/05/15/14f594d36e7e481bb4585a8ca3115605/h264_1200k_mp4.mp4
2022-05-16	http://news.gdmztv.com/2022/302989.shtml	http://v8.gdmztv.com:8082/mzt/vod/2022/05/16/bed40fc91ff74203be024cc52f9d6bcc/h264_1200k_mp4.mp4
2022-05-17	http://news.gdmztv.com/2022/303043.shtml	http://v8.gdmztv.com:8082/mzt/vod/2022/05/17/f220043841c942d4bed1355e2d47246b/h264_1200k_mp4.mp4
2022-05-18	http://news.gdmztv.com/2022/303111.shtml	http://v8.gdmztv.com:8082/mzt/vod/2022/05/18/cfb23bda8153473d954a6b09bff1d4eb/h264_1200k_mp4.mp4
2022-05-19	http://news.gdmztv.com/2022/303169.shtml	http://v8.gdmztv.com:8082/mzt/vod/2022/05/19/89cc2b77163547949d3d12b7ddd69a0e/h264_1200k_mp4.mp4
2022-05-20	http://news.gdmztv.com/2022/303247.shtml	http://v8.gdmztv.com:8082/mzt/vod/2022/05/20/e4e700c37c8c428eaff9de0aa0fd57b5/h264_1200k_mp4.mp4
2022-05-21	http://news.gdmztv.com/2022/303294.shtml	http://v8.gdmztv.com:8082/mzt/vod/2022/05/21/739f7f34a3f04f2eb26f479fecdeb94a/h264_1200k_mp4.mp4
2022-05-22	http://news.gdmztv.com/2022/303321.shtml	http://v8.gdmztv.com:8082/mzt/vod/2022/05/22/be49aaeb64a246edb5cae12c0186fdb6/h264_1200k_mp4.mp4
2022-05-24	http://news.gdmztv.com/2022/303408.shtml	http://v8.gdmztv.com:8082/mzt/vod/2022/05/24/682d999a6c774e6985e7c5fecb783bb5/h264_1200k_mp4.mp4
2022-05-25	http://news.gdmztv.com/2022/303460.shtml	http://v8.gdmztv.com:8082/mzt/vod/2022/05/25/52c999cc35b2491282e51ca3bd348c42/h264_1200k_mp4.mp4
2022-05-26	http://news.gdmztv.com/2022/303534.shtml	http://v8.gdmztv.com:8082/mzt/vod/2022/05/26/795ac4ef9eb947b786f8dff7acaf3470/h264_1200k_mp4.mp4
2022-05-27	http://news.gdmztv.com/2022/303604.shtml	http://v8.gdmztv.com:8082/mzt/vod/2022/05/27/3f2652d2c9a64be5b315ecbb61ce8682/h264_1200k_mp4.mp4
2022-05-28	http://news.gdmztv.com/2022/303666.shtml	http://v8.gdmztv.com:8082/mzt/vod/2022/05/28/662ad485baaf4d539265c2dd89f2c32e/h264_1200k_mp4.mp4
2022-05-29	http://news.gdmztv.com/2022/303697.shtml	http://v8.gdmztv.com:8082/mzt/vod/2022/05/29/889d4310d3144a19ac21f0120a46b6bf/h264_1200k_mp4.mp4
2022-05-30	http://news.gdmztv.com/2022/303726.shtml	http://v8.gdmztv.com:8082/mzt/vod/2022/05/30/5091cd85805d40bb938a4fbbe78711f9/h264_1200k_mp4.mp4
2022-05-31	http://news.gdmztv.com/2022/303801.shtml	http://v8.gdmztv.com:8082/mzt/vod/2022/05/31/07d80fb71a784c458e804c32c68255f9/h264_1200k_mp4.mp4
2022-06-01	http://news.gdmztv.com/2022/303845.shtml	http://v8.gdmztv.com:8082/mzt/vod/2022/06/01/8d50a6f44f1c447eb17797ef05f2be44/h264_1200k_mp4.mp4
2022-06-02	http://news.gdmztv.com/2022/303932.shtml	http://v8.gdmztv.com:8082/mzt/vod/2022/06/02/82c5821d8f1c451698bd99f1f4a09d8e/h264_1200k_mp4.mp4
2022-06-03	http://news.gdmztv.com/2022/303986.shtml	http://v8.gdmztv.com:8082/mzt/vod/2022/06/03/d8e43b0963434683bb9ce2f5e4c7237f/h264_1200k_mp4.mp4
2022-06-04	http://news.gdmztv.com/2022/304024.shtml	http://v8.gdmztv.com:8082/mzt/vod/2022/06/04/08981861043e47919d42d3f314eb8a70/h264_1200k_mp4.mp4
2022-06-05	http://news.gdmztv.com/2022/304058.shtml	http://v8.gdmztv.com:8082/mzt/vod/2022/06/05/e480cda514da484db49ef2d087a5823c/h264_1200k_mp4.mp4
2022-06-06	http://news.gdmztv.com/2022/304087.shtml	http://v8.gdmztv.com:8082/mzt/vod/2022/06/06/1518102c62e34285b5f7e5dfe448a085/h264_1200k_mp4.mp4
2022-06-07	http://news.gdmztv.com/2022/304162.shtml	http://v8.gdmztv.com:8082/mzt/vod/2022/06/07/6a212562ff1c42a389b4fc9fb607779b/h264_1200k_mp4.mp4
2022-06-08	http://news.gdmztv.com/2022/304203.shtml	http://v8.gdmztv.com:8082/mzt/vod/2022/06/08/b155b6c7f4c84d5cbab30f822dda8542/h264_1200k_mp4.mp4
2022-06-08	http://news.gdmztv.com/2022/304259.shtml	http://v8.gdmztv.com:8082/mzt/vod/2022/06/09/20dd66ba2a504c22aefadbfea1163f0c/h264_1200k_mp4.mp4
2022-06-10	http://news.gdmztv.com/2022/304330.shtml	http://v8.gdmztv.com:8082/mzt/vod/2022/06/10/61415071b3f5468c97bae067250c4610/h264_1200k_mp4.mp4
2022-06-11	http://news.gdmztv.com/2022/304371.shtml	http://v8.gdmztv.com:8082/mzt/vod/2022/06/11/09a8ecd9302c4ba29763d41f1bc6b869/h264_1200k_mp4.mp4
2022-06-12	http://news.gdmztv.com/2022/304393.shtml	http://v8.gdmztv.com:8082/mzt/vod/2022/06/12/cd8b27cb7c58428882109a527e9e5a39/h264_1200k_mp4.mp4
2022-06-13	http://news.gdmztv.com/2022/304417.shtml	http://v8.gdmztv.com:8082/mzt/vod/2022/06/13/9c750095e48a497aa966753fe9d4a2c0/h264_1200k_mp4.mp4
2022-06-14	http://news.gdmztv.com/2022/304471.shtml	http://v8.gdmztv.com:8082/mzt/vod/2022/06/14/2678f25ba14a4d8fb9e261906327694b/h264_1200k_mp4.mp4
2022-06-15	http://news.gdmztv.com/2022/304505.shtml	http://v8.gdmztv.com:8082/mzt/vod/2022/06/15/14ff06f4eb524813825034ca9db585d3/h264_1200k_mp4.mp4
2022-06-16	http://news.gdmztv.com/2022/304538.shtml	http://v8.gdmztv.com:8082/mzt/vod/2022/06/16/979fc4a7a0e24760aa317915981f7bca/h264_1200k_mp4.mp4
2022-06-17	http://news.gdmztv.com/2022/304548.shtml	http://v8.gdmztv.com:8082/mzt/vod/2022/06/17/ab9bd0c40f6545598b81b7f5eedddbca/h264_1200k_mp4.mp4
2022-06-18	http://news.gdmztv.com/2022/304888.shtml	http://v8.gdmztv.com:8082/mzt/vod/2022/06/18/92fc19418cca4543b5d4b3e6613d25d0/h264_1200k_mp4.mp4
2022-06-19	http://news.gdmztv.com/2022/304931.shtml	http://v8.gdmztv.com:8082/mzt/vod/2022/06/19/ae1a28aa5af649f3a839d25a4cdf376b/h264_1200k_mp4.mp4
2022-06-20	http://news.gdmztv.com/2022/304967.shtml	http://v8.gdmztv.com:8082/mzt/vod/2022/06/20/44d773095eb04d3da11c980dd42a0243/h264_1200k_mp4.mp4
2022-06-21	http://news.gdmztv.com/2022/305013.shtml	http://v8.gdmztv.com:8082/mzt/vod/2022/06/21/715a2ad57775443da4fd602553bdc68b/h264_1200k_mp4.mp4
2022-06-22	http://news.gdmztv.com/2022/305082.shtml	http://v8.gdmztv.com:8082/mzt/vod/2022/06/22/1b22142a78024605ab360736e051dbf5/h264_1200k_mp4.mp4
2022-06-24	http://news.gdmztv.com/2022/305288.shtml	http://v8.gdmztv.com:8082/mzt/vod/2022/06/24/b4913b9bbb0f47dc8c83b3b33965454c/h264_1200k_mp4.mp4
2022-06-25	http://news.gdmztv.com/2022/305334.shtml	http://v8.gdmztv.com:8082/mzt/vod/2022/06/25/ef3d3b5a66314830bb98e16dfb4fcfb9/h264_1200k_mp4.mp4
2022-06-26	http://news.gdmztv.com/2022/305365.shtml	http://v8.gdmztv.com:8082/mzt/vod/2022/06/26/6f2ff2da0f07445b88f4dbe81e45b917/h264_1200k_mp4.mp4
2022-06-27	http://news.gdmztv.com/2022/305421.shtml	http://v8.gdmztv.com:8082/mzt/vod/2022/06/27/c19ca9501cf24fc8975a3dbec5e06d73/h264_1200k_mp4.mp4
2022-06-28	http://news.gdmztv.com/2022/305460.shtml	http://v8.gdmztv.com:8082/mzt/vod/2022/06/28/20deb75317dc4f6eae10c4937fb3ea5c/h264_1200k_mp4.mp4
2022-06-29	http://news.gdmztv.com/2022/305546.shtml	http://v8.gdmztv.com:8082/mzt/vod/2022/06/29/d651ebcd025f4496817348b70dd8ee7f/h264_1200k_mp4.mp4
2022-06-30	http://news.gdmztv.com/2022/305592.shtml	http://v8.gdmztv.com:8082/mzt/vod/2022/06/30/dc8fccb633c2490993be0c542066ee8a/h264_1200k_mp4.mp4
2022-07-01	http://news.gdmztv.com/2022/305638.shtml	http://v8.gdmztv.com:8082/mzt/vod/2022/07/01/460476a009bf4b43bde94a5aaae18527/h264_1200k_mp4.mp4
2022-07-02	http://news.gdmztv.com/2022/305705.shtml	http://v8.gdmztv.com:8082/mzt/vod/2022/07/02/c52b09e9dd3349d19c0ec54313eed20c/h264_1200k_mp4.mp4
2022-07-03	http://news.gdmztv.com/2022/305739.shtml	http://v8.gdmztv.com:8082/mzt/vod/2022/07/03/e9194e06134d4352b9f25ff299c7b707/h264_1200k_mp4.mp4
2022-07-04	http://news.gdmztv.com/2022/305801.shtml	http://v8.gdmztv.com:8082/mzt/vod/2022/07/04/6bd9ae2e36264ee498209c941d3b3324/h264_1200k_mp4.mp4
2022-07-05	http://news.gdmztv.com/2022/305831.shtml	http://v8.gdmztv.com:8082/mzt/vod/2022/07/05/57ae6d62471d46c581291be3d2b1b77d/h264_1200k_mp4.mp4
2022-07-06	http://news.gdmztv.com/2022/305918.shtml	http://v8.gdmztv.com:8082/mzt/vod/2022/07/06/a705ddea2c804a63971aef8fea5587aa/h264_1200k_mp4.mp4
2022-07-07	http://news.gdmztv.com/2022/305937.shtml	http://v8.gdmztv.com:8082/mzt/vod/2022/07/07/a717086550a547e98f37e77fe3722e2b/h264_1200k_mp4.mp4
2022-07-08	http://news.gdmztv.com/2022/306010.shtml	http://v8.gdmztv.com:8082/mzt/vod/2022/07/08/c3881126ca26460ea7a19f66283f36de/h264_1200k_mp4.mp4
2022-07-09	http://news.gdmztv.com/2022/306040.shtml	http://v8.gdmztv.com:8082/mzt/vod/2022/07/09/7a7d28095bac40ccb66697c1e2a5d13e/h264_1200k_mp4.mp4
2022-07-10	http://news.gdmztv.com/2022/306082.shtml	http://v8.gdmztv.com:8082/mzt/vod/2022/07/10/cfaa24fc34304e72a966440143194913/h264_1200k_mp4.mp4
2022-07-11	http://news.gdmztv.com/2022/306108.shtml	http://v8.gdmztv.com:8082/mzt/vod/2022/07/11/efd80ac2a8924c658b88dc04a74ae6d1/h264_1200k_mp4.mp4
2022-07-12	http://news.gdmztv.com/2022/306181.shtml	http://v8.gdmztv.com:8082/mzt/vod/2022/07/12/fd1706b71bc3450abfe1726f616bec79/h264_1200k_mp4.mp4
2022-07-13	http://news.gdmztv.com/2022/306232.shtml	http://v8.gdmztv.com:8082/mzt/vod/2022/07/13/1185683542d74623b9524657deedce88/h264_1200k_mp4.mp4
2022-07-14	http://news.gdmztv.com/2022/306283.shtml	http://v8.gdmztv.com:8082/mzt/vod/2022/07/14/2ba3a19a5c1d4c5b80c4702acc493e7c/h264_1200k_mp4.mp4
2022-07-15	http://news.gdmztv.com/2022/306315.shtml	http://v8.gdmztv.com:8082/mzt/vod/2022/07/15/5903d68e83c74ddd8af559981a9ce916/h264_1200k_mp4.mp4
2022-07-16	http://news.gdmztv.com/2022/306323.shtml	http://v8.gdmztv.com:8082/mzt/vod/2022/07/16/f3af8d63b0df4865b8bec9250f5e0ff8/h264_1200k_mp4.mp4
2022-07-17	http://news.gdmztv.com/2022/306356.shtml	http://v8.gdmztv.com:8082/mzt/vod/2022/07/17/2baacc9aa5144238b10a16bb2c8a9b5b/h264_1200k_mp4.mp4
2022-07-18	http://news.gdmztv.com/2022/306402.shtml	http://v8.gdmztv.com:8082/mzt/vod/2022/07/18/d8360006051f45d0944d72c518acf231/h264_1200k_mp4.mp4
2022-07-19	http://news.gdmztv.com/2022/306434.shtml	http://v8.gdmztv.com:8082/mzt/vod/2022/07/19/cb08f1ee28874f848eecaaabe95e44ce/h264_1200k_mp4.mp4
2022-07-20	http://news.gdmztv.com/2022/306475.shtml	http://v8.gdmztv.com:8082/mzt/vod/2022/07/20/250d1a6713584c76b1ab1c31d1d45580/h264_1200k_mp4.mp4
2022-07-21	http://news.gdmztv.com/2022/306494.shtml	http://v8.gdmztv.com:8082/mzt/vod/2022/07/21/08d8c7e4071540bca00e4b753b2b73ee/h264_1200k_mp4.mp4
2022-07-22	http://news.gdmztv.com/2022/306525.shtml	http://v8.gdmztv.com:8082/mzt/vod/2022/07/22/c9b3a0b764034b0fa3cbdeeaf8c90279/h264_1200k_mp4.mp4
2022-07-23	http://news.gdmztv.com/2022/306782.shtml	http://v8.gdmztv.com:8082/mzt/vod/2022/07/23/d73d1346381c4e43b386a91a795e59ea/h264_1200k_mp4.mp4
2022-07-24	http://news.gdmztv.com/2022/307071.shtml	http://v8.gdmztv.com:8082/mzt/vod/2022/07/24/85f139e79edc466089f2228f0d736d1d/h264_1200k_mp4.mp4
2022-07-25	http://news.gdmztv.com/2022/307101.shtml	http://v8.gdmztv.com:8082/mzt/vod/2022/07/25/71e18ec207744895b526ec0ee4d8f40d/h264_1200k_mp4.mp4
2022-07-26	http://news.gdmztv.com/2022/307195.shtml	http://v8.gdmztv.com:8082/mzt/vod/2022/07/26/a34f1b5e19004249900b610e3a133fe7/h264_1200k_mp4.mp4
2022-07-27	http://news.gdmztv.com/2022/307224.shtml	http://v8.gdmztv.com:8082/mzt/vod/2022/07/27/5d8f24b48a424b7189ddb0354ee0aa09/h264_1200k_mp4.mp4
2022-07-28	http://news.gdmztv.com/2022/307281.shtml	http://v8.gdmztv.com:8082/mzt/vod/2022/07/28/ec5ff1c38ef147fb9cdbdd087a98c57d/h264_1200k_mp4.mp4
2022-07-29	http://news.gdmztv.com/2022/307372.shtml	http://v8.gdmztv.com:8082/mzt/vod/2022/07/29/2094e19745b94066ba77f4c19b7e2259/h264_1200k_mp4.mp4
2022-07-30	http://news.gdmztv.com/2022/307411.shtml	http://v8.gdmztv.com:8082/mzt/vod/2022/07/30/8520c0b5e27346cbbb71568004e956e6/h264_1200k_mp4.mp4
2022-07-31	http://news.gdmztv.com/2022/307428.shtml	http://v8.gdmztv.com:8082/mzt/vod/2022/07/31/47b36da6eaf14858a1491b94a700a1c9/h264_1200k_mp4.mp4
2022-08-01	http://news.gdmztv.com/2022/307490.shtml	http://v8.gdmztv.com:8082/mzt/vod/2022/08/01/72e5623f8e6e48edae961dbbda506d80/h264_1200k_mp4.mp4
